lightId,lightOn,timestamp
3,false,2024-03-19 16:35:18.892945
4,false,2024-03-08 18:44:39.007208
1,true,2024-04-02 06:57:30.578024
2,false,2024-03-13 10:42:48.944223
4,false,2024-03-22 10:32:48.107956
1,true,2024-03-19 19:47:04.265244
3,false,2024-03-29 16:46:16.178681
4,false,2024-03-09 17:52:49.075779
2,false,2024-03-17 16:08:01.987987
3,true,2024-03-16 06:33:54.483831
1,true,2024-03-31 21:44:16.664875
2,false,2024-03-24 15:24:31.494962
3,false,2024-04-02 09:12:53.802732
4,true,2024-04-02 22:10:45.007138
1,true,2024-03-08 21:58:39.907826
2,true,2024-03-13 19:33:44.170833
3,false,2024-03-21 16:40:51.839643
4,false,2024-03-26 07:22:35.375090
1,false,2024-03-11 16:48:53.690056
2,false,2024-04-02 13:43:00.380420
3,false,2024-04-03 11:53:44.368001
4,true,2024-03-08 06:52:27.103518
1,false,2024-03-15 14:36:35.014242
2,false,2024-03-26 14:36:43.980814
3,false,2024-03-29 12:48:48.473084
1,false,2024-03-26 10:56:32.397669
4,false,2024-03-05 19:05:01.125453
1,true,2024-03-14 20:21:58.630635
2,false,2024-03-30 12:42:21.486841
3,false,2024-04-01 04:58:48.062625
4,false,2024-03-31 07:02:44.393789
1,false,2024-03-24 09:31:31.636562
1,false,2024-03-17 12:48:22.923338
2,false,2024-03-29 14:29:43.403190
4,false,2024-03-09 09:28:50.681440
1,false,2024-03-17 15:56:12.593314
4,false,2024-03-24 11:11:38.090374
1,false,2024-03-19 12:25:43.453655
3,false,2024-03-31 16:48:21.193749
4,false,2024-03-18 08:42:14.166002
1,false,2024-03-18 16:25:48.689390
3,false,2024-03-26 14:57:46.672397
4,false,2024-03-12 13:59:48.580652
1,false,2024-03-23 13:30:43.152784
4,false,2024-03-31 12:36:43.397746
1,true,2024-03-11 20:47:29.196147
2,false,2024-03-08 10:10:44.389651
3,false,2024-03-05 12:05:50.397268
4,true,2024-03-30 06:07:37.389782
2,true,2024-03-20 18:58:35.105491
4,false,2024-03-28 10:44:17.802540
1,true,2024-03-09 18:43:31.626465
2,false,2024-03-19 16:39:26.549770
4,false,2024-03-23 09:17:58.788311
1,false,2024-04-01 14:31:37.368748
2,true,2024-03-05 17:47:43.661329
3,true,2024-03-15 03:21:54.590046
4,false,2024-03-30 13:41:53.977712
2,false,2024-03-08 13:11:41.493056
1,true,2024-03-18 19:19:14.955955
4,true,2024-03-24 06:17:03.338200
1,false,2024-03-05 08:37:42.742909
4,false,2024-03-10 15:49:30.102350
1,false,2024-03-15 16:40:53.276164
2,false,2024-03-21 16:45:15.840144
3,false,2024-03-14 11:05:13.819095
4,false,2024-03-17 10:05:54.656715
1,true,2024-04-01 06:11:21.568056
2,false,2024-04-02 15:12:37.709798
3,true,2024-03-17 17:20:15.051661
1,false,2024-03-20 12:04:07.201583
4,true,2024-03-05 22:07:10.509789
1,false,2024-03-07 14:10:28.791295
2,false,2024-03-31 14:05:41.472610
3,false,2024-03-21 14:39:28.673327
4,false,2024-03-12 16:44:38.021473
1,false,2024-03-21 12:37:23.105776
4,false,2024-03-24 10:57:20.735625
1,true,2024-04-01 07:53:30.931297
3,false,2024-03-23 03:34:30.117651
4,false,2024-03-22 19:05:17.012474
1,false,2024-03-29 11:21:42.444685
3,false,2024-03-18 10:54:04.723074
4,false,2024-03-17 19:21:42.634679
1,false,2024-03-20 13:49:34.995828
2,false,2024-03-22 12:46:10.080837
4,false,2024-03-31 18:04:18.012677
1,false,2024-03-21 16:37:20.823483
2,false,2024-03-21 13:14:02.673717
3,false,2024-03-31 15:03:43.928565
4,true,2024-03-15 06:32:16.697040
1,false,2024-03-17 08:46:37.608815
3,false,2024-03-16 16:38:18.894841
4,false,2024-03-27 09:57:39.496038
1,true,2024-03-19 18:49:06.882983
2,false,2024-03-22 07:09:53.810415
4,false,2024-03-18 21:46:44.790260
1,true,2024-03-18 19:46:35.994673
2,false,2024-04-01 13:08:55.835465
3,false,2024-03-31 15:26:52.402603
4,true,2024-03-27 06:12:04.548066
2,false,2024-03-05 15:39:01.176539
3,false,2024-03-24 10:10:05.095351
4,false,2024-03-09 10:28:13.142837
1,false,2024-03-11 09:57:04.710026
3,false,2024-03-27 04:21:06.807457
4,false,2024-03-28 19:48:41.728961
1,true,2024-03-13 06:08:06.209880
2,false,2024-03-23 09:51:49.902934
3,false,2024-03-12 16:26:50.120079
1,true,2024-03-22 17:02:26.574516
2,false,2024-03-09 14:46:21.847388
3,true,2024-03-31 07:24:22.072030
1,false,2024-03-15 11:51:47.367106
2,false,2024-03-18 09:05:29.024617
3,false,2024-03-11 05:13:48.232026
4,false,2024-03-22 19:37:33.830715
2,false,2024-03-10 13:09:35.368147
3,false,2024-03-06 05:38:13.923772
4,false,2024-03-17 07:42:17.170733
1,true,2024-03-28 18:18:30.429085
2,false,2024-03-16 14:52:17.178921
3,false,2024-03-30 16:39:20.688229
4,false,2024-03-18 21:34:39.474140
1,false,2024-03-18 11:06:29.625867
4,false,2024-03-29 11:17:20.596109
1,true,2024-03-26 21:11:11.676416
4,false,2024-03-14 20:35:42.703567
1,true,2024-03-17 19:59:03.408681
3,false,2024-03-11 04:50:25.113099
4,true,2024-03-31 06:38:18.818508
1,true,2024-04-02 07:13:47.119103
2,true,2024-03-17 06:58:49.116343
3,true,2024-03-27 06:06:15.016618
4,false,2024-03-22 11:00:32.308810
1,true,2024-03-27 20:49:08.294126
4,true,2024-03-08 22:25:17.671993
2,false,2024-03-11 11:35:58.290689
3,false,2024-04-01 14:07:08.441645
4,false,2024-04-01 21:19:37.086933
2,false,2024-03-22 10:49:07.972499
3,false,2024-03-24 15:00:54.530614
4,false,2024-03-29 18:42:39.817524
3,false,2024-03-16 10:00:10.332014
4,false,2024-04-03 10:46:10.218548
1,false,2024-03-25 16:53:18.592247
2,false,2024-03-17 09:47:54.324606
4,false,2024-04-01 21:45:13.831416
1,false,2024-03-09 11:28:21.121625
2,true,2024-03-15 18:56:30.441932
3,false,2024-03-14 03:55:25.759341
4,false,2024-03-25 16:35:01.348495
1,false,2024-03-14 08:34:17.720942
4,false,2024-03-24 21:25:11.382427
1,false,2024-03-13 11:02:04.156074
2,false,2024-03-18 09:07:33.725067
4,false,2024-03-11 15:19:32.042169
2,false,2024-04-01 13:15:22.794982
4,false,2024-04-02 13:41:21.071639
1,true,2024-03-30 19:57:36.622761
3,false,2024-04-03 14:48:23.903672
4,false,2024-03-06 07:45:13.767171
4,false,2024-03-20 09:54:43.552544
2,false,2024-03-26 07:46:17.872595
3,false,2024-03-27 14:31:47.534156
4,true,2024-03-05 17:20:56.349576
3,false,2024-03-13 05:45:24.284983
4,false,2024-03-06 20:20:55.682542
1,false,2024-03-30 11:07:06.844285
2,false,2024-03-05 12:14:10.539569
3,false,2024-03-28 14:15:24.947582
2,false,2024-03-24 08:46:21.814610
1,true,2024-03-07 20:56:51.240792
2,false,2024-03-21 08:51:58.809673
3,false,2024-04-02 14:01:12.030077
4,false,2024-03-19 10:30:18.430871
1,false,2024-03-18 09:42:28.657840
2,false,2024-03-30 19:09:30.259365
3,true,2024-04-02 06:34:07.370404
1,false,2024-03-20 15:11:35.859745
2,false,2024-03-27 14:13:47.438471
1,false,2024-03-31 10:34:22.290242
3,false,2024-03-07 14:21:49.972956
4,true,2024-03-15 22:20:05.479336
3,true,2024-03-28 06:39:00.758785
1,false,2024-03-26 15:25:10.867890
2,false,2024-03-28 09:06:26.969370
3,false,2024-03-20 16:58:42.480152
1,true,2024-03-06 18:11:19.321778
1,true,2024-03-05 07:46:12.756615
2,true,2024-03-13 17:07:49.878890
3,false,2024-03-31 12:54:02.272511
1,true,2024-03-16 07:59:32.318408
3,false,2024-03-27 05:03:25.438182
4,false,2024-03-11 10:20:06.346892
1,false,2024-03-11 10:46:46.793047
4,false,2024-03-31 16:42:34.635762
1,false,2024-03-11 16:44:08.163927
2,true,2024-03-08 18:25:28.715055
3,false,2024-03-25 09:54:20.629154
1,false,2024-04-03 14:32:45.785344
2,false,2024-03-18 12:08:31.703722
3,false,2024-03-29 14:42:24.086619
1,true,2024-03-18 19:11:50.974828
4,false,2024-03-10 07:04:22.948059
1,true,2024-03-21 21:43:40.629410
4,true,2024-03-25 06:47:35.793982
1,true,2024-03-22 06:41:01.403278
3,true,2024-03-18 06:56:15.453134
4,false,2024-03-16 12:05:02.241286
1,true,2024-03-21 06:38:21.869950
2,false,2024-03-07 16:12:54.278451
4,false,2024-03-26 07:25:56.090955
1,true,2024-03-14 06:18:47.242624
2,false,2024-03-27 07:52:43.904684
3,false,2024-03-26 07:40:24.937771
4,false,2024-03-26 12:45:48.995587
1,true,2024-03-19 21:13:36.182566
3,true,2024-03-16 17:36:08.606430
4,true,2024-03-28 06:31:59.928144
1,false,2024-03-25 10:31:37.152082
3,false,2024-03-19 10:15:37.398942
4,false,2024-03-08 09:12:01.309882
1,false,2024-03-06 15:34:28.121883
2,false,2024-03-11 19:29:38.080882
4,false,2024-03-20 12:18:45.416643
1,false,2024-03-18 16:38:44.828796
2,true,2024-03-21 17:58:27.447751
3,false,2024-03-06 08:31:02.853026
4,false,2024-03-19 07:41:52.516537
1,false,2024-03-22 10:22:05.481930
2,true,2024-03-17 18:33:21.324321
4,false,2024-03-24 18:58:34.774860
3,true,2024-03-06 06:21:27.132214
4,false,2024-03-05 18:21:30.738527
1,true,2024-03-30 07:14:13.912198
2,false,2024-03-25 19:29:33.406822
3,false,2024-03-11 03:33:09.315968
4,false,2024-04-02 14:35:43.191656
1,false,2024-03-24 15:52:50.298135
2,true,2024-03-19 18:35:45.019196
3,false,2024-03-10 13:10:22.478356
4,true,2024-03-15 06:38:56.011971
1,true,2024-03-14 21:35:16.155349
2,false,2024-03-19 16:36:07.182484
3,false,2024-03-08 16:21:56.365208
1,false,2024-03-17 13:30:05.835434
2,false,2024-03-06 15:56:05.235745
3,false,2024-03-26 09:13:13.895413
1,false,2024-03-12 09:49:51.370454
2,true,2024-03-21 06:42:14.585567
3,false,2024-03-21 14:47:05.182682
4,true,2024-03-22 06:28:48.304551
1,true,2024-03-26 19:33:54.524145
2,false,2024-03-13 15:19:22.874938
3,false,2024-03-27 16:14:23.466498
4,false,2024-04-03 10:54:00.623741
2,false,2024-03-08 12:45:50.754846
1,true,2024-03-31 20:24:19.212900
1,false,2024-03-19 12:53:22.359334
3,false,2024-03-22 05:57:26.794283
4,false,2024-04-01 12:24:12.853926
1,false,2024-03-05 11:42:45.645957
3,false,2024-03-17 08:39:57.477283
1,true,2024-03-28 21:47:08.969179
2,false,2024-03-05 16:39:50.735691
3,true,2024-03-08 17:35:25.485217
4,false,2024-04-01 12:49:20.989928
1,false,2024-03-21 13:33:57.412756
3,true,2024-03-24 07:02:41.426907
1,true,2024-03-29 06:33:26.500014
3,false,2024-03-10 03:50:33.955607
4,false,2024-03-31 15:15:31.222876
1,false,2024-04-01 13:48:39.535330
3,true,2024-03-14 18:54:09.539068
1,true,2024-03-08 20:41:41.786184
3,false,2024-03-31 08:59:04.067429
4,false,2024-03-29 17:56:45.164171
1,false,2024-03-12 10:28:20.319124
1,false,2024-03-27 08:16:29.947062
2,false,2024-03-12 11:26:18.789003
3,false,2024-03-08 03:59:53.645536
4,false,2024-03-20 10:12:26.409494
1,false,2024-04-03 10:43:20.375995
2,false,2024-03-09 10:26:18.075372
3,false,2024-04-02 11:22:23.387403
4,true,2024-03-14 22:26:34.048148
1,true,2024-03-21 06:52:37.995471
2,false,2024-03-21 15:25:53.093585
3,false,2024-03-12 12:47:15.095186
4,false,2024-04-03 08:56:58.081953
2,false,2024-03-13 07:39:23.159969
3,false,2024-03-09 05:27:59.210241
4,false,2024-03-09 08:44:07.254539
1,false,2024-04-03 09:25:43.059057
2,true,2024-03-24 18:17:43.637028
3,false,2024-03-11 10:43:26.011602
4,false,2024-03-12 16:51:31.422784
1,true,2024-03-12 06:22:43.020139
2,true,2024-03-25 19:36:29.785943
3,true,2024-03-15 06:57:57.189951
4,false,2024-03-11 08:02:09.455609
1,false,2024-04-02 16:56:24.729558
2,false,2024-03-20 14:21:28.935906
4,false,2024-03-13 13:23:39.997466
3,false,2024-03-07 03:37:29.863505
1,false,2024-03-17 09:08:43.887168
2,false,2024-03-29 09:53:51.118405
3,true,2024-03-22 06:38:26.223758
4,false,2024-03-14 07:33:07.995950
1,false,2024-03-27 09:06:24.277402
4,false,2024-03-17 07:30:43.775907
1,true,2024-03-08 20:07:17.410949
3,true,2024-03-20 17:20:11.590009
4,false,2024-03-12 18:59:27.687513
1,true,2024-03-22 06:04:41.169630
2,false,2024-03-08 19:15:12.871912
4,false,2024-03-28 07:32:08.026451
1,true,2024-03-12 18:48:10.985153
3,true,2024-03-09 06:06:15.071809
4,false,2024-03-09 14:52:39.844105
1,true,2024-03-28 20:09:02.651279
3,false,2024-03-15 09:07:06.502848
4,false,2024-03-14 21:07:48.124054
4,false,2024-03-20 14:40:53.297282
1,false,2024-03-09 15:13:06.832066
3,true,2024-04-03 07:09:27.158622
4,false,2024-03-28 13:24:10.112618
4,false,2024-03-15 18:39:48.864631
4,true,2024-03-23 06:09:02.002149
1,false,2024-03-22 12:29:41.247312
3,false,2024-04-02 13:22:36.415675
4,false,2024-04-02 19:37:44.234677
1,false,2024-03-12 15:17:49.647785
2,false,2024-04-02 12:40:19.874856
3,true,2024-03-12 06:22:11.645812
4,true,2024-04-01 22:21:57.253739
4,false,2024-03-29 14:17:49.879225
2,false,2024-04-01 07:33:00.496090
3,false,2024-03-25 15:16:39.137509
4,false,2024-03-13 08:06:02.017546
1,false,2024-04-02 13:48:46.395566
4,false,2024-04-03 13:59:33.227609
1,false,2024-03-20 08:09:15.636474
4,false,2024-03-26 08:12:10.742967
1,false,2024-03-25 09:55:25.919885
4,false,2024-04-02 19:47:17.883016
1,false,2024-03-06 10:12:33.820283
4,false,2024-03-28 11:58:27.702580
4,false,2024-03-19 13:19:20.355777
1,false,2024-03-25 10:48:29.191747
2,false,2024-03-09 15:35:59.361420
3,false,2024-03-10 10:27:53.711007
4,false,2024-03-19 14:24:51.710953
1,true,2024-03-14 18:55:59.003330
2,true,2024-03-31 19:34:30.750825
3,false,2024-03-30 12:15:51.492017
4,false,2024-03-10 16:29:54.790790
2,false,2024-03-21 07:27:14.051207
3,false,2024-03-12 04:38:23.228956
4,false,2024-03-30 11:35:56.277309
4,false,2024-03-06 20:50:42.707000
1,false,2024-03-14 10:41:34.081359
2,false,2024-03-16 15:43:15.027530
4,true,2024-04-02 22:06:21.850646
1,true,2024-04-03 19:42:01.040992
3,false,2024-03-15 10:00:28.184583
1,true,2024-03-18 17:48:27.351966
3,false,2024-03-26 10:24:33.251853
1,false,2024-03-17 16:56:27.085549
2,false,2024-03-14 07:05:28.249143
4,false,2024-03-05 08:42:45.070785
2,false,2024-03-15 07:43:48.935646
4,false,2024-03-26 16:12:01.047817
1,true,2024-03-18 18:55:48.862178
2,false,2024-03-07 16:19:42.376378
3,true,2024-03-21 06:43:16.930842
1,true,2024-03-14 19:07:07.955187
2,false,2024-03-09 14:18:12.771099
3,false,2024-03-16 16:43:21.684849
4,false,2024-03-10 09:56:53.756490
1,true,2024-03-20 06:51:22.025554
2,false,2024-03-14 09:39:27.574753
2,true,2024-03-08 18:17:01.130457
3,false,2024-03-18 16:04:28.810964
4,false,2024-03-20 08:36:14.626726
1,false,2024-03-13 11:39:22.842805
2,false,2024-03-07 10:34:19.018277
3,false,2024-03-18 15:00:26.194376
4,true,2024-03-24 06:17:31.245119
1,false,2024-04-03 11:36:38.913215
3,false,2024-03-31 12:18:18.615946
4,false,2024-03-17 14:49:34.713967
1,false,2024-04-01 14:47:42.623137
2,false,2024-03-12 08:52:50.523182
4,false,2024-03-23 07:10:20.499699
1,true,2024-04-01 19:30:10.411741
3,false,2024-03-15 13:10:49.866822
4,false,2024-04-03 16:52:09.621062
1,true,2024-03-05 18:29:03.295718
2,false,2024-03-13 11:43:05.524137
4,false,2024-03-09 17:59:39.027112
1,false,2024-03-09 13:34:26.348376
3,false,2024-03-10 11:05:46.086643
4,false,2024-03-25 16:16:57.451465
2,true,2024-03-09 17:32:01.874610
3,true,2024-03-13 06:46:52.117477
4,false,2024-03-07 20:50:26.182248
2,false,2024-03-26 19:25:07.952221
3,false,2024-03-18 04:15:04.567956
4,true,2024-03-13 22:39:21.311448
1,false,2024-03-31 14:13:44.160383
3,true,2024-03-15 18:59:52.771478
4,false,2024-03-17 21:35:51.995010
1,false,2024-03-22 14:56:43.698225
2,false,2024-03-30 16:56:38.723070
3,false,2024-03-22 03:54:26.786805
4,false,2024-03-25 19:18:09.524138
2,false,2024-03-11 16:43:50.328967
3,false,2024-03-12 03:34:58.470280
4,false,2024-03-17 12:44:41.289448
1,true,2024-03-16 07:23:41.627694
2,false,2024-03-20 14:07:27.966906
4,false,2024-03-25 16:55:17.538480
1,true,2024-03-14 19:43:43.997401
3,false,2024-03-07 05:09:07.045411
1,true,2024-03-24 20:57:00.996852
3,true,2024-03-27 07:22:38.137654
4,false,2024-03-07 16:37:42.481880
2,true,2024-03-07 17:55:14.024959
4,false,2024-04-03 10:09:56.028090
3,false,2024-03-19 03:54:38.648231
4,false,2024-03-23 21:31:35.989097
3,false,2024-03-16 04:06:02.622730
4,false,2024-03-25 07:33:50.064114
1,true,2024-03-22 17:52:08.223776
2,false,2024-03-19 10:54:41.926254
3,false,2024-03-11 11:22:12.980852
4,false,2024-03-30 18:58:10.751675
1,true,2024-03-27 07:19:37.912273
3,false,2024-04-01 10:02:38.069791
4,false,2024-03-20 21:12:16.239797
1,true,2024-03-26 21:39:37.944012
3,false,2024-03-14 10:57:00.906694
1,false,2024-04-03 12:14:28.493683
3,false,2024-04-03 14:46:46.326010
4,false,2024-04-01 13:32:51.665966
2,false,2024-03-09 15:57:10.422525
4,false,2024-03-25 15:54:21.292251
1,false,2024-03-05 12:41:33.725703
2,false,2024-04-01 07:46:35.026865
3,true,2024-03-27 07:21:53.191551
4,false,2024-03-14 10:45:55.980960
1,false,2024-03-09 10:13:25.830340
2,false,2024-03-07 11:17:00.710734
3,true,2024-03-25 06:26:50.271886
2,true,2024-03-11 19:59:51.562253
4,false,2024-04-01 07:39:49.014076
1,false,2024-03-26 13:10:23.667398
3,false,2024-03-23 14:50:36.625228
1,true,2024-03-22 19:50:42.692298
3,false,2024-03-16 12:23:55.419954
4,false,2024-03-15 07:10:43.383331
1,false,2024-03-31 10:38:21.960210
2,false,2024-03-08 07:55:12.719473
3,true,2024-03-09 17:34:01.999305
4,false,2024-03-19 07:18:58.977091
2,false,2024-03-14 10:33:44.470113
3,false,2024-03-08 13:27:04.376852
2,true,2024-03-26 18:43:29.127746
3,false,2024-03-07 08:18:03.813585
4,true,2024-03-21 06:13:31.442076
1,true,2024-03-21 21:25:55.072473
3,false,2024-04-03 14:27:36.518016
4,false,2024-03-16 16:59:48.387379
1,false,2024-03-19 08:46:51.412474
3,false,2024-04-03 13:04:33.727303
4,false,2024-03-27 10:52:36.538376
1,false,2024-03-18 15:33:38.988991
3,false,2024-03-28 12:24:48.119492
4,false,2024-03-05 17:59:14.982622
1,true,2024-03-09 06:17:40.571308
3,false,2024-03-24 11:24:59.536857
4,false,2024-03-18 20:31:18.772761
3,true,2024-03-18 17:45:37.998648
4,false,2024-03-21 07:21:01.559214
1,false,2024-03-21 12:13:07.754662
2,false,2024-03-05 14:06:21.154135
4,false,2024-03-11 13:13:27.060603
1,false,2024-03-27 11:13:54.189152
2,false,2024-03-22 08:27:54.781231
1,true,2024-03-17 17:43:23.250495
2,false,2024-03-21 19:23:37.358944
4,false,2024-03-19 19:37:39.758693
1,true,2024-03-05 07:45:03.853898
2,false,2024-03-15 11:40:33.548092
3,true,2024-04-02 17:06:50.173894
4,false,2024-04-02 20:35:46.004756
1,true,2024-03-08 07:49:06.101920
2,false,2024-04-02 11:18:45.749696
4,true,2024-03-17 22:26:50.611133
2,false,2024-03-15 09:01:27.680805
3,false,2024-03-29 14:38:14.892955
1,true,2024-03-08 21:04:53.442741
2,true,2024-03-24 19:48:36.993704
3,false,2024-03-08 11:07:35.506377
4,false,2024-04-03 15:53:19.540173
1,false,2024-03-29 16:11:42.690090
4,false,2024-03-11 21:16:44.240443
2,true,2024-03-12 18:35:41.529372
4,false,2024-03-07 10:16:10.135113
2,false,2024-03-26 07:24:15.752771
3,false,2024-03-28 03:57:52.753218
2,false,2024-03-06 11:44:16.497783
4,false,2024-03-31 20:50:34.405786
2,false,2024-03-25 13:14:17.001325
3,false,2024-03-09 15:18:45.814321
2,false,2024-03-06 15:59:28.787912
3,false,2024-03-19 16:55:29.346479
4,false,2024-03-08 13:40:23.415517
1,false,2024-03-24 16:46:16.135063
2,false,2024-03-11 10:26:21.266476
3,true,2024-03-11 06:27:55.841594
4,false,2024-04-03 15:14:56.845263
1,true,2024-03-25 20:49:20.048165
2,false,2024-03-23 09:27:12.572685
4,false,2024-03-27 16:45:02.252836
1,false,2024-04-02 16:24:45.569497
2,true,2024-03-31 17:53:11.532283
3,false,2024-03-27 11:53:35.753218
4,false,2024-03-20 10:54:47.565889
1,true,2024-03-21 18:47:45.149056
2,false,2024-03-21 16:04:54.162123
4,false,2024-03-26 07:14:48.162419
2,true,2024-03-15 17:25:05.666846
3,true,2024-03-07 17:55:57.158864
2,true,2024-04-03 18:05:59.041463
3,true,2024-03-06 18:38:23.198971
4,false,2024-03-23 13:44:51.656582
2,false,2024-03-08 12:03:15.361150
3,true,2024-03-20 07:15:35.296618
4,false,2024-04-01 09:22:42.581740
1,true,2024-03-21 21:13:40.593750
2,true,2024-03-17 19:39:31.500709
3,false,2024-03-11 13:44:49.375704
1,false,2024-04-01 14:39:29.694114
2,false,2024-03-14 07:05:36.728363
4,false,2024-03-04 21:59:16.580003
1,true,2024-04-01 18:11:28.608510
2,true,2024-03-18 06:52:41.579033
3,false,2024-03-19 15:59:03.478632
4,false,2024-03-15 10:50:12.041401
1,false,2024-03-26 15:05:06.538646
2,false,2024-03-29 08:38:30.787354
3,false,2024-04-02 03:52:57.175660
1,false,2024-03-27 11:55:20.139554
2,false,2024-03-10 11:58:22.463167
4,false,2024-03-20 07:43:51.055311
2,false,2024-03-30 08:36:05.700564
3,false,2024-03-18 15:43:26.258146
4,false,2024-03-24 11:20:17.591006
1,true,2024-03-17 21:48:50.906844
2,true,2024-03-18 06:41:18.161920
3,false,2024-04-01 16:51:07.962374
1,false,2024-03-06 16:36:33.987214
4,false,2024-03-19 11:30:18.179011
1,false,2024-03-31 11:42:07.177397
3,false,2024-03-13 13:00:53.911227
4,true,2024-03-19 17:02:42.066198
1,true,2024-03-10 19:30:00.873608
3,false,2024-03-12 09:04:25.446922
1,true,2024-04-02 06:33:10.734845
3,false,2024-03-16 09:17:08.703454
4,false,2024-04-02 19:15:07.598827
1,false,2024-03-15 09:06:55.911348
3,false,2024-03-28 10:31:07.004958
4,false,2024-03-07 10:19:58.742410
1,false,2024-04-02 15:44:47.705992
2,false,2024-03-11 14:12:45.657692
3,false,2024-03-10 15:30:57.621158
4,false,2024-03-16 20:05:17.207847
2,false,2024-03-30 16:59:05.560422
3,true,2024-03-21 18:31:53.107117
4,false,2024-03-14 09:58:04.632336
1,false,2024-03-18 11:36:01.465885
2,true,2024-03-10 19:43:58.424486
3,false,2024-03-09 13:13:39.262316
4,false,2024-03-18 09:31:37.759340
2,true,2024-03-13 17:35:28.923742
3,false,2024-03-23 13:26:15.484705
4,false,2024-03-20 21:17:55.307643
1,true,2024-04-01 06:31:06.882508
2,false,2024-03-26 16:53:33.150246
3,false,2024-03-07 08:21:06.460515
4,false,2024-03-31 19:16:28.908528
1,true,2024-03-13 19:18:39.698126
2,false,2024-04-01 15:29:21.029113
3,false,2024-03-30 03:42:08.810053
4,false,2024-03-19 19:02:37.276765
2,true,2024-03-20 18:03:07.626251
3,false,2024-03-08 10:34:26.764677
4,true,2024-03-11 06:50:43.262868
1,false,2024-03-27 11:01:11.407259
3,false,2024-03-10 14:24:16.202848
1,true,2024-03-28 07:22:45.712063
2,false,2024-03-22 16:28:51.107310
4,false,2024-03-26 08:32:22.699671
2,false,2024-03-11 08:18:12.923977
3,false,2024-03-16 12:40:50.183444
4,false,2024-04-02 09:54:09.850181
1,false,2024-03-18 16:20:14.029060
3,false,2024-03-10 12:05:54.622044
4,false,2024-03-28 08:11:37.331104
2,true,2024-03-25 17:02:50.120551
3,false,2024-03-07 15:18:12.207103
4,false,2024-03-12 21:28:10.443124
3,false,2024-03-13 05:37:27.579745
4,false,2024-03-05 18:53:19.242506
1,false,2024-03-16 16:46:47.339704
4,false,2024-03-29 20:59:46.076655
2,false,2024-03-14 12:26:57.011220
4,false,2024-03-22 15:04:18.494354
1,false,2024-03-15 15:52:59.045834
4,false,2024-04-01 09:40:23.115576
1,true,2024-03-12 07:58:22.505641
2,false,2024-03-18 14:05:58.350165
3,false,2024-03-05 04:58:25.544626
4,false,2024-03-09 16:28:32.015703
1,false,2024-03-18 16:01:45.624905
2,false,2024-03-06 12:51:43.982000
3,false,2024-03-31 12:15:38.906041
4,false,2024-03-04 21:06:35.917872
3,false,2024-03-25 16:44:59.473989
4,true,2024-03-13 22:35:58.798681
1,true,2024-03-13 19:37:30.402903
2,false,2024-03-24 15:16:11.198967
3,true,2024-03-11 06:57:43.709399
1,false,2024-03-19 13:25:42.354094
3,true,2024-03-18 06:18:58.790943
2,true,2024-03-16 18:00:22.141557
3,true,2024-03-07 06:20:30.191219
4,false,2024-03-24 16:03:31.953980
3,true,2024-03-29 17:32:16.399504
4,true,2024-03-11 22:25:33.742404
2,true,2024-03-10 18:52:47.434159
4,false,2024-03-05 21:38:12.902023
1,false,2024-03-25 11:54:36.559624
2,false,2024-03-07 16:59:17.682730
3,false,2024-03-28 03:36:49.611855
2,false,2024-03-07 11:47:41.886179
3,true,2024-03-27 18:10:23.552468
4,false,2024-03-05 15:24:00.473963
1,false,2024-03-23 15:36:00.829477
2,false,2024-04-03 11:50:06.748411
3,true,2024-03-25 03:01:45.530932
4,false,2024-03-27 12:12:30.929975
1,true,2024-03-08 20:23:13.687578
2,false,2024-03-13 09:34:53.518221
4,false,2024-03-21 09:13:18.294445
1,true,2024-03-10 20:50:57.419426
2,false,2024-03-20 11:44:45.548075
4,false,2024-03-17 12:07:21.474248
1,false,2024-03-15 13:52:09.852690
2,false,2024-03-25 16:40:35.547887
3,false,2024-03-28 15:23:42.877071
4,false,2024-03-07 07:06:53.858404
1,false,2024-03-13 16:13:35.812979
4,false,2024-03-30 18:39:22.189131
1,true,2024-03-06 21:42:06.833715
2,true,2024-03-22 17:37:17.197837
3,false,2024-03-21 10:34:32.537368
4,false,2024-03-31 09:41:29.993412
1,false,2024-03-14 14:46:59.802312
2,true,2024-03-08 18:36:25.897688
3,false,2024-03-12 15:20:15.804836
2,false,2024-03-29 13:47:37.053306
3,false,2024-04-02 14:16:05.202706
4,false,2024-03-30 12:59:13.456208
2,false,2024-03-26 08:56:54.315598
3,false,2024-03-24 04:20:12.299000
4,false,2024-03-30 18:54:05.020049
1,false,2024-03-09 09:51:44.353983
4,false,2024-03-28 21:05:42.758249
1,true,2024-03-11 18:27:35.556300
2,false,2024-04-01 11:56:48.528991
3,false,2024-03-12 15:38:06.429995
4,false,2024-03-11 13:24:27.889141
1,false,2024-03-19 10:12:28.577937
3,false,2024-04-01 11:07:51.925546
4,false,2024-03-11 10:23:50.981485
1,true,2024-03-13 21:10:44.075969
3,false,2024-03-18 14:14:06.483116
4,false,2024-03-14 11:52:19.191893
1,false,2024-03-13 15:01:59.543782
3,false,2024-03-18 05:48:52.705801
4,false,2024-03-26 15:37:02.953774
2,false,2024-03-23 08:46:04.359278
3,true,2024-03-15 06:02:32.861052
4,false,2024-03-28 16:00:37.315534
1,true,2024-03-26 07:19:28.004066
2,false,2024-03-15 14:02:14.823091
4,false,2024-03-11 07:03:40.622641
1,true,2024-03-06 19:21:28.779447
2,true,2024-04-02 17:04:53.742895
1,true,2024-03-10 19:08:55.165215
2,true,2024-03-22 18:36:19.758336
3,true,2024-03-20 07:13:30.207285
4,false,2024-03-24 18:33:55.125581
3,false,2024-03-13 11:40:07.678098
1,false,2024-03-17 14:49:18.323541
2,false,2024-03-18 15:49:35.146647
4,false,2024-03-21 15:02:26.117360
1,true,2024-03-09 06:02:25.737558
2,false,2024-04-02 11:37:33.137393
3,true,2024-03-07 17:25:05.541001
4,false,2024-03-16 19:27:53.585590
1,false,2024-03-28 11:39:13.066172
1,false,2024-03-13 15:59:17.283427
2,true,2024-03-21 19:45:32.353446
4,false,2024-03-18 18:59:18.485276
1,false,2024-03-17 15:51:20.686004
2,false,2024-04-03 11:49:13.169649
3,false,2024-03-07 14:17:01.157091
1,false,2024-03-12 13:34:02.264353
2,false,2024-03-30 19:01:17.204732
3,false,2024-03-11 12:02:20.142205
4,false,2024-03-29 16:58:46.801017
1,true,2024-03-21 19:11:24.722459
3,false,2024-03-09 08:54:33.660792
1,true,2024-03-17 21:17:09.421047
2,true,2024-03-21 18:48:29.938854
3,false,2024-04-02 10:29:45.862709
4,true,2024-03-19 22:15:23.450499
1,true,2024-03-23 18:08:02.754300
3,false,2024-03-06 10:05:25.994032
2,true,2024-03-23 17:01:13.947794
3,false,2024-03-08 14:48:18.562649
2,false,2024-03-22 08:33:02.397863
3,false,2024-03-26 11:25:33.649235
4,false,2024-03-15 15:00:41.304044
2,false,2024-03-18 11:33:30.656173
3,false,2024-03-25 04:55:20.613214
4,false,2024-04-01 21:41:16.068886
1,true,2024-04-01 19:08:36.685671
2,false,2024-03-16 12:52:26.908594
4,false,2024-03-16 16:11:47.082805
1,false,2024-03-31 09:19:15.800308
2,false,2024-03-06 15:48:47.560734
3,false,2024-03-08 08:08:37.999600
4,false,2024-03-22 20:22:01.845729
1,true,2024-03-12 18:53:49.536735
3,false,2024-03-05 07:56:39.948665
4,false,2024-03-28 18:40:10.278540
1,false,2024-03-19 13:54:08.894427
3,false,2024-03-30 13:20:06.670794
4,false,2024-03-13 14:19:38.255379
1,false,2024-03-17 12:47:53.204341
3,false,2024-03-05 16:24:14.343174
4,false,2024-03-11 11:37:38.625667
1,true,2024-03-16 19:12:14.069374
2,true,2024-03-26 17:41:15.971531
3,false,2024-03-07 11:00:06.556597
4,false,2024-03-19 19:05:07.388235
1,false,2024-03-11 15:51:04.670131
2,false,2024-03-15 13:12:42.667534
4,true,2024-04-02 06:30:59.624012
1,false,2024-03-05 13:43:33.793751
2,true,2024-03-15 19:45:04.363589
3,false,2024-03-15 04:03:32.331607
4,false,2024-03-09 20:17:25.101421
1,false,2024-03-06 14:44:38.196740
2,false,2024-03-07 11:37:33.087666
3,true,2024-03-16 17:25:41.243667
4,false,2024-03-16 17:37:03.726611
1,false,2024-04-01 15:53:05.516083
3,true,2024-03-06 17:07:20.620682
1,true,2024-03-16 06:17:35.575350
2,false,2024-03-17 11:22:55.846492
3,false,2024-03-06 11:28:03.659018
1,false,2024-03-09 08:56:09.085956
2,true,2024-03-30 18:07:26.201334
1,false,2024-03-08 14:56:51.217848
3,false,2024-03-25 05:50:21.746077
4,false,2024-03-19 15:28:44.906558
1,false,2024-03-31 08:34:34.071896
2,true,2024-03-28 17:51:22.248213
3,false,2024-03-17 05:38:56.618904
4,false,2024-03-26 16:32:13.798086
3,true,2024-03-17 06:26:49.740755
1,false,2024-03-15 11:32:49.985805
3,false,2024-03-09 04:43:35.357091
4,false,2024-03-06 20:13:08.546303
1,true,2024-04-01 20:37:51.225488
2,false,2024-03-12 12:32:18.300223
3,true,2024-03-10 17:27:00.212466
1,false,2024-03-15 08:38:47.701380
2,false,2024-03-11 09:07:17.609620
3,false,2024-04-03 11:45:03.998171
4,false,2024-03-13 20:07:43.325719
1,true,2024-03-19 17:22:53.072992
2,true,2024-03-08 18:00:36.686183
3,true,2024-03-17 06:34:31.588187
1,true,2024-04-02 20:01:42.901997
2,false,2024-03-18 14:20:05.227389
1,false,2024-03-27 11:17:40.890782
3,true,2024-03-08 06:07:06.971400
4,false,2024-03-27 14:14:04.719014
1,true,2024-03-19 19:06:41.052776
2,false,2024-03-17 09:27:50.163558
3,true,2024-03-21 03:01:21.438267
1,false,2024-03-31 10:06:04.650220
4,false,2024-03-15 11:16:52.343987
2,false,2024-03-15 15:11:37.133219
1,true,2024-03-29 17:37:13.841369
4,false,2024-03-15 20:28:57.188156
1,true,2024-03-06 07:37:39.288627
4,false,2024-03-12 14:28:17.033469
2,false,2024-03-31 07:43:03.057649
4,false,2024-03-09 20:17:40.583423
1,true,2024-03-09 19:47:54.606935
3,false,2024-03-27 12:05:10.166075
4,false,2024-03-06 17:41:55.140989
1,false,2024-03-08 08:48:55.462876
4,false,2024-03-23 20:36:32.466911
1,false,2024-03-15 14:13:12.239681
2,false,2024-03-22 12:34:23.536505
4,false,2024-03-11 08:57:43.121220
1,true,2024-03-31 20:31:58.172587
3,false,2024-03-07 09:08:03.806247
4,false,2024-03-26 16:01:34.367755
1,true,2024-03-15 20:35:57.888794
2,false,2024-03-05 10:41:15.112617
3,true,2024-03-20 03:27:24.132366
4,true,2024-03-22 06:14:23.204942
1,true,2024-03-25 17:40:48.243506
3,false,2024-03-31 09:16:17.855188
3,true,2024-03-23 06:02:38.363106
4,false,2024-03-27 17:43:09.571707
1,true,2024-03-11 21:15:46.153388
3,false,2024-03-08 08:18:55.701078
4,true,2024-03-28 06:04:23.909828
1,true,2024-03-23 19:59:02.031570
3,false,2024-03-07 12:37:53.936884
4,false,2024-03-26 20:00:53.858675
1,false,2024-03-30 15:28:51.090008
3,false,2024-03-29 10:03:25.301980
1,false,2024-03-28 14:49:23.874032
2,false,2024-03-31 14:35:38.404030
4,false,2024-03-26 13:21:57.603150
2,false,2024-03-25 07:47:31.376183
3,false,2024-03-13 08:06:28.646632
4,false,2024-03-05 19:00:13.400237
4,false,2024-03-24 14:38:32.097930
1,false,2024-03-22 12:53:36.053960
2,false,2024-04-02 14:38:50.505789
4,false,2024-03-23 10:42:43.289595
1,true,2024-04-03 17:56:33.253346
2,false,2024-03-07 13:04:43.364236
3,false,2024-03-15 07:31:15.151506
4,false,2024-03-16 13:55:43.908985
1,true,2024-03-30 21:04:43.356978
3,false,2024-03-16 16:52:22.429787
4,false,2024-03-31 11:11:56.073003
1,false,2024-03-18 11:50:17.467390
2,false,2024-03-07 12:46:12.930133
3,true,2024-03-10 18:59:49.055243
4,false,2024-03-14 10:51:42.941767
1,true,2024-03-28 21:20:38.052367
2,false,2024-03-19 10:47:23.487909
3,false,2024-04-01 13:21:52.540466
4,false,2024-03-28 16:52:40.453312
1,false,2024-03-08 16:02:19.057797
2,true,2024-03-14 06:49:58.167399
3,false,2024-03-25 12:47:17.890297
4,false,2024-03-16 20:32:43.554249
1,false,2024-03-11 14:30:40.695604
4,false,2024-03-26 20:00:27.296833
3,false,2024-03-22 12:48:50.848183
4,true,2024-03-26 06:47:39.584958
1,false,2024-03-20 08:30:52.555705
3,false,2024-03-27 05:15:15.990456
4,false,2024-03-23 17:55:51.616326
1,true,2024-03-21 18:55:42.845859
2,false,2024-03-28 13:26:53.960727
3,false,2024-03-28 14:35:42.045280
4,false,2024-03-07 12:10:26.457406
1,false,2024-03-30 13:23:01.383965
3,false,2024-03-19 14:56:07.177572
4,true,2024-03-13 06:07:55.677518
1,true,2024-03-16 21:30:05.327314
2,true,2024-03-11 06:32:18.837908
3,true,2024-03-24 06:18:32.612445
4,false,2024-03-14 16:19:30.543828
1,false,2024-04-02 11:52:37.958062
2,false,2024-03-17 11:06:42.093630
4,true,2024-04-01 22:28:52.779584
2,false,2024-03-23 11:28:40.816332
1,false,2024-03-16 09:46:28.137551
2,false,2024-03-27 19:11:16.384695
3,false,2024-03-17 04:18:48.034157
2,false,2024-03-08 16:24:39.668415
3,false,2024-03-13 14:48:07.583883
1,false,2024-03-31 15:28:37.910484
3,false,2024-03-30 08:25:10.517310
3,false,2024-03-23 12:47:23.787208
1,false,2024-03-27 16:35:29.706793
2,false,2024-03-26 14:04:57.552597
4,false,2024-03-21 15:22:24.527725
1,true,2024-03-17 07:07:33.816568
2,true,2024-03-16 19:44:35.705326
3,false,2024-03-09 07:33:38.272135
4,false,2024-03-30 12:01:25.164345
2,false,2024-03-19 16:04:09.372111
4,false,2024-03-16 12:16:15.006665
3,false,2024-04-01 13:35:46.820157
4,false,2024-03-06 14:02:09.126395
2,false,2024-03-31 11:37:51.840898
4,true,2024-03-19 06:12:00.409128
3,false,2024-03-28 05:44:18.634175
4,false,2024-03-23 11:40:03.278916
1,false,2024-03-09 12:42:35.477268
3,false,2024-03-21 12:26:24.518817
1,true,2024-03-07 21:53:03.828875
4,false,2024-03-24 09:51:16.805112
3,false,2024-04-03 12:24:35.866143
4,false,2024-03-25 14:19:42.771008
1,false,2024-03-07 09:44:32.563467
2,false,2024-03-26 19:08:54.959320
4,false,2024-03-23 20:53:10.595578
1,true,2024-03-04 21:31:06.224536
4,false,2024-03-10 15:54:25.697864
1,false,2024-03-30 16:04:04.412800
3,false,2024-03-05 14:35:06.973300
4,false,2024-03-27 16:43:33.097960
3,false,2024-03-27 03:54:37.745028
4,true,2024-03-18 17:29:28.091749
1,true,2024-03-28 21:10:56.818828
2,true,2024-03-31 18:28:38.118096
3,false,2024-04-03 12:33:24.730534
4,true,2024-03-05 06:01:14.243822
1,false,2024-03-19 11:24:26.090634
2,true,2024-03-27 19:36:54.852128
4,false,2024-03-26 14:03:19.914709
1,false,2024-03-26 08:49:43.730577
2,false,2024-03-28 10:52:21.263308
3,false,2024-03-17 12:52:49.941398
2,true,2024-03-24 17:28:11.350149
4,false,2024-03-23 12:25:32.662190
2,false,2024-03-17 12:06:19.475291
3,false,2024-03-25 04:41:44.939976
4,false,2024-03-08 10:25:19.276206
1,false,2024-03-21 11:09:10.731569
3,false,2024-03-31 09:08:55.962175
4,false,2024-03-25 16:58:50.664446
2,false,2024-03-09 19:20:45.383140
4,false,2024-03-23 11:52:24.131536
3,false,2024-03-31 13:56:14.197823
1,false,2024-04-02 09:22:26.218142
2,true,2024-03-08 06:45:54.164005
3,false,2024-04-01 10:55:25.078345
4,false,2024-03-23 09:30:06.283923
2,false,2024-03-29 08:30:15.182331
3,false,2024-03-27 11:17:51.776983
4,false,2024-04-02 07:50:56.547734
1,false,2024-03-12 12:10:18.559717
2,false,2024-03-25 14:27:40.372980
3,false,2024-03-26 14:29:12.642568
4,false,2024-03-15 13:14:41.352843
2,false,2024-03-14 14:09:03.699584
3,true,2024-03-23 18:07:28.050296
4,true,2024-03-17 17:10:53.649020
1,false,2024-03-26 08:26:05.186946
4,false,2024-03-24 15:36:39.124676
1,true,2024-03-21 19:42:03.338821
1,true,2024-03-25 20:28:57.057797
4,false,2024-03-19 14:26:26.895271
1,false,2024-03-26 12:00:29.251767
2,false,2024-04-01 14:59:49.161029
3,true,2024-03-10 06:11:28.597635
4,false,2024-03-07 14:45:51.221176
2,false,2024-03-15 07:13:39.755762
3,false,2024-03-24 11:38:22.686513
4,false,2024-03-08 12:12:38.887663
1,false,2024-03-27 14:59:21.649567
3,true,2024-03-05 03:15:26.680476
4,false,2024-03-09 19:35:33.387446
3,false,2024-04-03 14:13:26.314163
4,false,2024-03-18 21:47:14.213821
1,true,2024-03-20 18:16:05.206461
2,false,2024-03-12 15:57:46.451786
4,false,2024-03-08 14:48:15.031034
1,true,2024-03-18 19:55:26.393380
2,true,2024-03-21 17:23:58.245365
3,false,2024-04-01 09:33:10.016864
4,true,2024-03-09 17:13:16.504943
1,false,2024-03-17 08:14:48.353804
2,false,2024-03-07 19:27:52.179915
3,false,2024-03-19 14:04:39.807983
4,false,2024-03-17 18:59:54.690678
4,false,2024-03-31 21:07:45.488627
2,false,2024-03-14 12:42:37.757574
3,false,2024-03-21 09:24:32.509811
4,false,2024-04-02 21:07:47.533439
1,false,2024-03-05 09:25:10.275207
2,false,2024-03-13 11:04:40.788941
3,false,2024-03-16 05:33:50.209268
4,false,2024-03-21 19:21:13.546863
1,false,2024-03-15 11:12:23.603356
2,true,2024-04-03 06:57:54.991988
3,false,2024-03-21 04:05:17.025740
4,false,2024-03-25 14:29:28.320083
1,true,2024-03-27 07:35:15.847048
3,false,2024-03-22 11:42:39.748835
1,false,2024-03-19 12:51:35.197910
2,false,2024-03-23 09:42:26.588578
3,false,2024-03-31 03:58:47.848013
4,false,2024-03-07 14:47:13.499222
1,false,2024-03-29 16:51:28.246440
4,false,2024-03-13 16:30:50.469106
1,true,2024-03-20 17:06:38.317724
3,false,2024-03-11 12:54:25.655595
1,false,2024-03-09 14:50:26.060043
4,false,2024-04-03 11:45:44.251718
1,true,2024-03-31 19:56:40.029713
4,false,2024-03-24 10:22:28.696408
4,true,2024-03-21 22:09:25.489608
2,false,2024-03-23 07:36:22.253556
4,false,2024-03-21 07:17:37.588821
1,true,2024-03-05 06:50:53.175982
3,true,2024-04-03 03:08:45.439069
4,true,2024-04-02 22:05:02.611637
1,true,2024-04-01 07:42:17.813861
4,false,2024-04-03 15:23:50.947627
4,false,2024-03-26 12:05:29.629088
1,false,2024-03-07 15:59:57.678993
3,false,2024-03-20 03:43:03.730595
4,false,2024-03-30 08:47:50.516650
3,true,2024-03-26 03:17:42.550380
4,false,2024-03-11 11:44:04.444170
4,true,2024-04-02 22:54:41.576506
2,true,2024-03-23 17:53:06.684814
4,false,2024-03-14 18:20:16.749955
1,false,2024-03-06 10:25:18.823635
2,true,2024-03-08 06:48:35.494389
3,true,2024-04-03 06:36:58.496396
4,false,2024-03-30 12:46:14.568204
1,false,2024-03-21 10:39:02.315327
2,true,2024-03-23 17:16:03.433865
3,true,2024-03-29 17:52:22.777255
4,false,2024-03-23 14:29:58.163829
2,false,2024-03-11 11:56:25.337147
3,false,2024-03-09 03:37:52.658167
4,false,2024-03-12 08:59:42.775809
1,false,2024-03-22 12:38:03.812753
3,false,2024-03-06 12:51:53.581978
4,false,2024-03-26 13:57:05.888812
1,true,2024-03-08 06:28:48.596212
4,false,2024-03-31 09:38:03.104364
1,true,2024-04-02 18:19:36.192116
3,false,2024-03-15 08:20:43.798756
4,false,2024-03-07 18:09:32.904369
1,false,2024-03-09 16:26:09.020830
2,false,2024-03-31 12:24:37.907097
3,false,2024-04-02 13:09:29.124071
2,true,2024-03-23 18:13:22.992613
3,false,2024-03-12 07:34:55.168641
4,false,2024-04-01 21:54:43.709569
3,false,2024-04-03 16:11:47.609058
2,false,2024-03-16 08:46:42.561041
4,false,2024-03-15 08:38:20.933625
1,false,2024-03-30 13:42:01.281772
2,false,2024-03-24 09:47:35.768711
3,false,2024-03-23 11:12:39.883882
4,true,2024-03-29 22:35:15.444201
1,true,2024-03-14 18:44:36.486319
3,false,2024-03-15 08:36:05.283501
4,false,2024-03-24 18:23:13.880913
2,true,2024-03-13 18:26:47.533044
4,false,2024-03-16 20:22:10.822764
1,false,2024-03-24 16:45:53.512108
2,true,2024-03-13 18:31:18.866321
3,true,2024-03-14 06:22:53.504395
4,true,2024-03-10 22:07:52.445126
2,false,2024-03-22 16:41:22.881429
3,true,2024-03-05 18:41:26.376312
4,false,2024-03-26 08:53:46.464265
1,false,2024-03-15 13:59:55.808561
2,false,2024-03-16 11:13:33.053273
3,false,2024-04-01 09:14:54.744574
4,false,2024-03-22 08:01:50.458615
1,false,2024-03-29 16:34:06.863325
2,true,2024-03-10 19:58:25.876457
3,true,2024-03-27 17:14:52.928003
1,true,2024-03-25 18:50:41.267545
2,false,2024-04-02 12:02:00.777073
4,false,2024-03-19 16:42:32.174360
1,false,2024-03-31 13:29:20.441649
2,false,2024-03-13 10:44:01.829872
3,true,2024-03-11 06:38:42.669761
4,false,2024-03-22 13:27:01.669238
1,true,2024-04-01 20:52:15.891207
2,false,2024-03-09 15:44:05.334842
3,false,2024-03-19 14:45:21.070433
4,false,2024-03-28 11:53:13.213772
1,false,2024-03-22 08:48:27.154102
2,false,2024-03-20 13:02:27.228388
4,false,2024-03-09 13:51:04.082274
2,false,2024-03-11 19:02:48.671686
3,false,2024-03-06 08:55:07.907531
4,false,2024-03-22 18:12:14.156230
1,false,2024-03-07 10:48:52.756712
2,false,2024-03-24 16:04:14.042980
4,true,2024-03-26 06:07:17.633752
3,true,2024-03-06 06:09:43.231874
4,false,2024-03-06 15:27:23.019441
3,false,2024-03-14 04:26:04.821615
4,false,2024-03-07 10:29:44.059671
1,false,2024-03-31 16:18:49.215183
3,false,2024-03-14 09:28:38.291966
4,true,2024-03-22 22:26:06.926202
1,false,2024-03-13 14:12:31.305025
3,false,2024-04-02 14:25:07.312227
2,true,2024-03-29 17:04:18.429451
3,true,2024-03-31 06:46:17.098303
1,true,2024-03-11 18:12:52.253199
3,false,2024-03-19 12:43:45.634781
4,true,2024-03-25 22:52:29.631697
1,true,2024-04-01 19:05:14.152092
2,false,2024-03-19 13:02:55.906744
3,false,2024-03-22 08:26:45.185599
3,false,2024-03-17 04:38:02.175164
4,false,2024-03-20 07:01:26.920723
4,true,2024-03-30 17:18:16.026937
1,true,2024-04-01 18:28:08.978118
2,false,2024-03-25 09:47:47.533213
3,true,2024-03-23 06:07:06.634400
4,false,2024-03-18 13:32:21.965983
1,true,2024-03-23 21:43:34.371754
2,false,2024-03-13 10:43:34.054214
1,false,2024-03-16 08:23:17.277164
2,true,2024-03-24 17:56:42.847445
3,false,2024-03-13 11:00:14.547716
4,false,2024-03-09 20:26:17.051156
4,false,2024-03-14 09:38:23.904931
1,true,2024-03-24 07:20:54.714971
2,false,2024-03-23 14:59:10.589227
4,true,2024-03-19 17:17:18.945458
1,false,2024-03-25 10:42:30.080920
4,false,2024-03-07 12:52:17.483601
1,true,2024-03-21 21:13:54.178255
4,false,2024-03-27 19:24:11.457231
1,false,2024-03-07 10:50:05.256628
2,true,2024-03-29 17:09:50.893372
3,false,2024-03-06 10:42:10.842870
4,false,2024-03-11 16:19:52.125004
1,false,2024-03-06 08:40:39.706915
3,true,2024-03-18 17:25:21.615607
2,false,2024-03-18 10:24:52.327208
3,true,2024-03-24 03:20:44.660687
4,true,2024-03-29 06:09:55.573329
1,true,2024-03-28 21:33:36.746196
3,false,2024-03-14 11:27:36.564748
1,false,2024-03-15 13:04:09.415279
4,false,2024-03-28 07:50:46.430174
1,true,2024-03-29 19:07:48.148601
4,false,2024-03-09 19:36:42.634214
1,true,2024-04-03 19:27:23.481778
2,false,2024-03-31 12:16:45.619691
4,false,2024-03-15 19:15:47.316254
2,true,2024-03-06 17:24:07.171965
3,false,2024-03-24 16:55:12.093932
2,false,2024-03-24 16:13:42.425049
3,false,2024-03-12 12:25:23.673109
4,false,2024-03-21 17:58:20.943395
1,true,2024-03-19 19:36:32.594050
1,false,2024-03-18 09:46:54.336246
2,false,2024-03-08 11:14:30.020630
3,false,2024-03-26 13:32:42.130478
1,true,2024-03-08 18:31:17.948408
2,false,2024-03-10 09:34:00.662083
4,false,2024-03-20 10:29:30.229603
1,false,2024-03-27 08:13:11.672086
2,true,2024-04-03 18:09:11.571459
3,false,2024-03-13 12:20:12.983392
3,false,2024-04-02 03:55:30.658282
4,false,2024-03-14 07:44:33.178791
1,true,2024-04-01 06:09:09.185084
2,false,2024-03-09 09:18:22.392447
3,false,2024-04-02 12:28:24.240059
4,false,2024-03-05 07:28:47.087440
4,false,2024-03-28 11:15:32.782798
1,false,2024-03-16 08:19:06.876083
3,true,2024-03-12 06:34:34.830791
2,false,2024-03-24 13:40:51.850083
3,false,2024-03-08 04:41:06.118987
4,false,2024-03-08 08:40:03.407614
1,false,2024-03-24 09:14:27.890851
4,false,2024-04-01 12:48:42.189498
1,true,2024-03-16 21:45:19.308498
2,false,2024-03-29 13:39:21.876456
3,false,2024-03-26 09:36:30.525487
1,false,2024-03-26 16:00:54.841766
2,true,2024-03-15 17:11:47.198314
3,false,2024-03-30 16:33:08.328233
1,false,2024-04-01 10:16:45.114420
2,true,2024-03-13 19:52:26.819918
4,false,2024-04-03 13:36:40.280070
4,false,2024-03-27 07:50:06.348094
1,true,2024-04-02 18:20:19.343919
2,false,2024-03-30 08:27:08.806360
4,false,2024-03-16 15:39:41.738233
3,true,2024-03-20 18:19:14.852989
4,false,2024-03-26 18:57:54.138565
2,false,2024-03-05 14:39:32.657783
4,false,2024-03-05 07:02:21.182214
1,false,2024-03-25 16:41:02.594091
2,false,2024-03-16 09:41:10.514759
3,false,2024-04-03 05:45:16.678394
4,false,2024-03-23 17:39:14.156575
3,false,2024-03-08 04:36:19.111834
4,false,2024-03-08 13:27:24.274136
1,false,2024-04-02 13:27:27.532268
2,false,2024-03-26 14:44:34.369254
1,true,2024-03-17 17:48:50.885982
2,false,2024-03-26 09:17:51.872565
1,true,2024-04-02 17:30:07.235859
3,false,2024-03-17 16:07:54.604552
1,true,2024-03-28 21:11:49.615633
3,false,2024-03-28 08:00:03.342957
1,false,2024-03-07 11:07:03.543498
3,false,2024-03-15 16:54:13.502341
4,false,2024-03-11 14:24:59.191968
1,true,2024-03-20 19:50:56.275829
3,false,2024-04-02 09:41:55.617872
1,false,2024-03-30 11:51:11.749733
2,false,2024-03-24 10:31:18.267394
4,false,2024-03-23 15:17:56.892192
2,true,2024-03-20 18:19:02.795255
4,false,2024-03-29 12:07:41.656279
1,false,2024-03-12 13:48:00.680722
2,true,2024-03-21 18:20:10.606440
3,false,2024-03-21 05:42:52.211959
4,false,2024-03-23 09:37:12.393705
2,true,2024-03-31 17:33:12.543143
1,true,2024-03-26 06:12:44.989172
3,true,2024-03-18 18:00:04.743632
4,false,2024-03-31 12:53:03.601090
1,true,2024-03-18 20:19:41.335526
3,true,2024-03-06 03:13:45.519912
4,false,2024-03-23 13:00:44.400084
1,false,2024-03-13 16:16:59.000718
2,false,2024-03-31 13:52:42.921716
4,false,2024-03-20 19:18:23.332378
2,false,2024-03-27 13:37:24.973424
3,true,2024-03-05 18:29:35.153218
4,false,2024-03-15 15:57:41.090362
1,true,2024-03-28 07:36:26.365244
2,false,2024-03-22 16:51:45.291513
3,false,2024-03-28 05:31:44.853319
4,false,2024-03-07 16:45:33.803848
1,false,2024-03-29 13:58:34.597250
4,false,2024-03-14 07:01:07.713828
1,false,2024-03-24 08:12:55.202953
2,false,2024-03-28 12:18:51.264751
4,false,2024-03-26 08:32:13.174830
4,false,2024-03-18 09:13:53.589113
2,false,2024-04-01 10:44:50.217827
1,true,2024-03-04 20:04:11.947387
4,false,2024-03-20 07:45:46.993306
1,false,2024-03-30 12:52:55.349044
2,false,2024-03-09 16:52:37.787004
3,false,2024-03-31 11:09:50.134049
4,true,2024-03-28 06:32:44.725559
1,false,2024-03-05 09:17:01.003409
4,false,2024-03-27 18:17:43.409732
2,true,2024-03-16 17:50:38.674638
3,false,2024-04-01 09:48:57.429857
2,false,2024-03-05 15:52:34.884748
4,false,2024-03-05 08:31:57.698120
1,true,2024-03-24 21:50:24.585724
2,false,2024-03-31 10:11:39.569247
4,false,2024-03-20 16:05:19.026163
1,false,2024-03-27 11:56:54.667202
2,false,2024-03-14 09:08:08.847012
3,false,2024-03-12 10:38:39.019004
2,false,2024-03-05 15:08:41.811391
3,false,2024-03-22 07:39:59.519930
4,false,2024-03-17 09:33:30.726364
2,true,2024-03-15 17:27:54.454025
4,false,2024-03-10 13:16:15.190999
2,false,2024-03-07 12:56:48.552737
3,false,2024-03-15 12:55:19.037266
4,false,2024-04-01 19:49:15.335391
1,true,2024-03-23 20:25:32.725909
2,true,2024-03-22 18:26:44.832771
3,false,2024-03-05 14:48:37.655351
4,false,2024-03-05 14:09:19.035528
1,true,2024-03-18 19:37:41.316509
2,false,2024-03-19 12:33:45.256870
3,false,2024-03-11 15:06:03.328799
4,false,2024-03-17 19:59:56.688184
3,false,2024-03-24 15:04:37.061434
1,false,2024-03-25 10:35:36.504227
2,false,2024-04-02 07:08:31.182463
3,false,2024-03-16 11:19:43.241663
4,true,2024-03-05 22:50:06.755780
1,true,2024-03-31 06:08:36.738966
4,true,2024-03-30 17:24:55.962410
1,false,2024-03-19 12:06:29.433195
3,false,2024-03-15 10:42:01.253644
4,true,2024-03-12 22:15:56.811886
1,true,2024-03-18 06:17:22.326866
3,false,2024-03-15 14:09:42.556718
1,false,2024-04-03 16:31:51.207562
3,false,2024-03-24 12:46:01.891896
1,false,2024-03-18 10:46:05.237407
3,false,2024-03-06 15:32:53.081073
3,false,2024-03-21 04:45:35.504937
4,false,2024-03-06 19:52:40.720388
1,true,2024-03-09 06:10:48.744116
2,false,2024-04-02 11:36:56.152752
3,false,2024-03-28 13:42:26.710855
4,true,2024-03-20 06:30:36.972203
1,true,2024-03-21 07:11:32.920745
3,true,2024-03-17 17:56:51.717200
4,false,2024-04-02 21:54:05.754933
1,false,2024-03-21 13:53:46.241847
2,false,2024-03-22 11:21:06.842695
3,false,2024-03-27 11:10:32.581609
4,false,2024-03-31 14:32:26.394266
3,false,2024-03-05 09:12:22.630329
4,false,2024-03-20 16:07:17.507262
1,false,2024-03-08 10:07:31.901299
2,false,2024-03-24 09:21:44.559184
3,false,2024-03-31 16:47:40.563858
4,false,2024-03-25 15:49:05.239539
1,true,2024-03-29 06:01:23.590786
1,false,2024-03-16 08:11:38.331915
2,false,2024-03-24 09:06:05.798240
3,false,2024-04-03 13:21:42.895250
4,false,2024-03-09 18:52:35.066969
1,true,2024-03-27 18:09:41.114021
4,false,2024-03-12 13:39:30.422293
1,true,2024-03-11 17:58:54.133178
2,false,2024-03-17 10:57:59.617379
3,true,2024-03-31 18:20:51.988183
4,false,2024-04-01 07:35:57.143740
1,false,2024-03-15 12:44:49.836225
2,false,2024-04-02 16:57:58.262785
3,false,2024-03-30 14:06:01.186502
4,false,2024-03-26 16:34:29.483679
1,true,2024-03-28 07:19:24.142591
3,true,2024-03-10 17:23:11.330431
1,true,2024-03-24 07:01:17.217086
3,false,2024-03-05 03:47:46.842236
2,false,2024-03-26 14:31:08.895668
4,false,2024-03-23 13:13:43.920872
1,true,2024-03-13 06:36:17.140136
3,false,2024-03-09 14:03:28.349059
1,true,2024-03-26 21:55:05.571309
2,false,2024-03-29 10:33:52.848666
3,true,2024-03-13 06:18:53.052122
1,false,2024-03-29 09:52:59.359971
2,false,2024-03-30 12:03:01.276409
4,false,2024-03-08 10:54:15.541661
1,true,2024-03-16 18:40:10.667265
3,false,2024-03-21 16:10:42.251914
4,true,2024-03-09 17:29:35.671215
1,true,2024-03-23 21:39:44.595285
3,false,2024-03-15 08:16:11.285257
4,false,2024-03-12 16:25:19.625023
1,true,2024-03-13 21:54:53.567117
2,false,2024-03-17 14:31:42.526616
4,false,2024-03-30 11:02:51.894249
1,true,2024-03-24 18:21:35.431209
3,true,2024-03-07 17:05:55.982534
4,false,2024-03-28 18:23:18.164220
1,true,2024-03-30 20:53:04.064637
2,false,2024-03-14 16:46:59.727184
3,false,2024-04-03 05:16:35.550927
4,true,2024-03-24 06:46:16.654779
1,false,2024-03-17 10:15:14.479734
2,false,2024-03-07 12:03:02.390445
3,false,2024-03-23 11:20:55.657777
2,false,2024-03-14 16:33:06.616745
3,false,2024-03-22 05:24:39.251821
1,true,2024-03-14 18:10:50.766324
2,false,2024-03-22 19:23:04.384697
3,true,2024-03-13 18:15:27.151822
4,false,2024-03-07 12:56:29.352305
1,false,2024-04-03 12:08:02.648052
1,false,2024-03-14 12:58:39.924915
3,true,2024-03-11 06:09:11.961507
4,true,2024-03-06 17:18:25.942099
2,true,2024-03-18 19:56:32.098799
4,false,2024-03-12 19:53:52.971082
4,false,2024-03-25 07:25:24.496106
4,false,2024-03-25 17:42:57.184928
1,true,2024-03-24 07:50:32.850980
2,true,2024-03-13 06:39:50.903522
3,false,2024-03-25 04:43:22.028172
3,false,2024-03-19 10:48:38.285360
4,false,2024-03-19 08:06:03.397142
1,true,2024-03-17 21:13:13.504094
2,true,2024-03-09 19:40:19.165912
1,false,2024-03-09 08:02:33.215867
3,true,2024-03-28 07:29:30.593534
4,false,2024-03-09 20:06:54.180490
1,false,2024-03-17 11:10:29.030446
3,false,2024-03-11 12:37:51.976082
4,false,2024-03-09 17:52:11.724954
1,false,2024-03-25 08:32:44.307838
2,false,2024-03-11 11:08:33.159389
3,false,2024-03-18 05:30:56.999587
4,false,2024-03-17 18:05:52.321424
1,false,2024-03-23 08:33:55.917597
3,true,2024-03-19 18:41:15.291427
4,false,2024-03-21 14:01:47.966105
1,true,2024-03-25 17:45:03.147380
4,false,2024-03-20 15:12:09.923746
1,true,2024-03-05 19:25:45.441291
3,true,2024-03-19 06:26:51.955159
4,false,2024-04-01 21:23:49.664896
3,false,2024-03-07 16:49:24.836765
4,false,2024-03-05 14:33:53.674986
1,false,2024-03-25 15:03:48.105633
2,true,2024-03-20 18:49:47.651249
3,false,2024-03-16 14:46:53.511190
4,false,2024-03-18 07:49:47.285628
1,false,2024-03-26 13:42:14.079137
2,false,2024-04-01 15:05:10.583160
3,true,2024-03-31 18:35:32.214485
4,false,2024-03-29 20:44:29.469952
1,true,2024-03-14 18:30:01.036981
2,false,2024-03-07 12:21:28.202059
4,false,2024-03-18 21:07:11.444699
3,false,2024-03-31 08:10:36.880785
1,false,2024-04-02 09:54:34.162267
2,false,2024-04-02 13:27:38.025821
3,false,2024-04-03 11:04:29.720850
4,false,2024-04-03 09:02:27.855164
1,true,2024-03-14 06:45:48.004143
2,false,2024-03-26 15:27:17.489703
3,false,2024-03-28 05:44:01.909697
2,false,2024-03-16 09:48:35.849851
3,true,2024-03-30 07:06:09.941826
4,false,2024-03-14 07:36:15.061774
1,true,2024-03-24 07:49:24.321508
2,true,2024-03-26 17:06:56.779529
4,false,2024-04-01 07:13:54.135796
2,true,2024-03-13 06:53:14.518652
3,false,2024-03-08 05:28:29.857733
1,true,2024-03-22 21:35:26.066323
4,false,2024-03-24 18:53:48.661355
1,false,2024-03-24 14:14:28.523157
2,false,2024-03-30 07:27:02.896763
3,false,2024-03-27 13:18:08.049208
4,false,2024-03-19 12:20:32.149899
4,false,2024-03-30 09:11:56.611045
1,true,2024-03-18 17:29:43.019274
2,true,2024-03-20 17:56:14.058288
3,false,2024-03-26 16:45:10.770011
4,false,2024-03-15 21:10:05.077446
1,true,2024-03-20 20:27:50.138952
2,false,2024-04-02 16:37:09.380769
3,false,2024-03-10 05:44:50.232676
1,false,2024-03-06 09:41:08.855822
3,false,2024-03-09 14:43:39.069993
1,true,2024-03-17 21:56:21.330744
4,false,2024-03-18 18:34:49.385636
1,false,2024-03-19 14:05:10.881882
2,true,2024-03-13 17:49:51.442811
4,true,2024-03-12 17:23:04.746587
2,false,2024-03-27 13:37:12.719235
3,false,2024-04-03 15:50:32.849730
4,false,2024-03-30 14:41:57.008604
1,false,2024-04-02 09:12:22.976657
4,false,2024-03-05 14:41:36.427076
2,false,2024-03-31 16:29:03.856347
4,false,2024-03-08 20:24:32.553834
1,false,2024-03-10 16:55:55.930717
2,false,2024-03-13 13:01:58.918987
3,false,2024-03-30 11:12:54.521140
4,false,2024-03-08 18:17:15.921531
3,false,2024-03-18 13:45:24.136428
4,false,2024-03-29 16:19:56.308924
2,false,2024-03-19 08:10:51.401701
3,true,2024-03-24 06:40:00.711218
1,false,2024-04-03 16:09:10.872887
4,false,2024-03-18 09:58:21.856701
1,false,2024-03-22 14:50:41.665313
2,true,2024-03-15 18:55:51.921449
3,true,2024-03-09 03:18:36.063273
1,false,2024-03-23 15:09:55.421026
2,true,2024-03-25 17:05:26.478601
3,false,2024-03-24 11:25:20.266176
4,false,2024-03-28 09:33:05.233216
1,false,2024-03-29 10:47:56.458333
2,false,2024-03-06 13:17:11.733256
4,false,2024-04-01 11:54:13.722979
1,true,2024-03-26 06:09:42.550345
3,false,2024-03-18 09:37:16.062294
4,false,2024-03-30 08:14:24.561062
2,false,2024-03-18 10:36:39.797729
4,false,2024-03-14 18:41:02.535960
2,false,2024-03-14 07:20:45.847180
3,false,2024-04-02 05:56:11.841404
2,false,2024-03-14 08:43:19.889229
3,false,2024-03-17 08:07:05.924518
4,false,2024-03-09 20:43:10.279346
3,false,2024-03-11 14:54:40.294658
4,true,2024-03-24 06:07:39.771768
1,true,2024-03-28 17:59:59.854398
2,false,2024-04-02 10:18:41.171095
3,false,2024-03-07 12:42:20.379850
4,false,2024-03-15 12:18:05.983971
1,true,2024-04-03 19:23:43.438278
3,false,2024-03-20 03:37:45.548851
2,true,2024-03-15 06:48:55.130593
3,false,2024-03-16 08:06:04.345072
4,false,2024-03-25 19:47:11.073575
1,true,2024-03-10 17:30:55.683079
2,false,2024-03-24 10:57:50.526938
4,false,2024-03-31 21:09:12.217638
1,false,2024-03-10 08:53:26.615363
2,true,2024-03-12 17:48:54.341880
4,false,2024-03-25 21:56:55.183650
1,false,2024-03-13 14:45:55.156937
2,false,2024-03-06 14:18:26.473598
4,false,2024-03-26 21:15:21.565901
1,true,2024-03-08 17:02:18.824995
3,false,2024-04-01 08:39:41.909289
1,false,2024-03-21 11:14:52.955148
3,true,2024-03-19 17:56:43.755032
1,false,2024-03-29 11:25:57.389975
2,false,2024-04-02 09:05:18.842825
3,false,2024-03-29 05:32:48.002290
4,true,2024-03-10 22:07:43.058536
1,false,2024-03-05 08:15:22.681623
3,false,2024-03-12 12:21:37.536686
1,false,2024-03-07 08:21:55.224772
2,false,2024-03-08 15:43:56.679918
2,false,2024-03-25 07:01:22.386449
3,false,2024-03-18 03:41:28.990263
1,false,2024-03-28 08:58:04.468009
2,true,2024-03-05 06:33:37.041259
3,true,2024-03-12 17:11:59.515087
4,true,2024-03-31 22:50:37.892549
2,true,2024-04-03 19:43:51.510947
3,false,2024-03-15 05:27:27.865980
3,false,2024-03-25 14:55:57.996376
4,false,2024-03-19 07:41:52.841913
1,true,2024-03-26 17:27:31.523813
4,true,2024-04-01 06:46:55.940908
1,true,2024-03-06 18:19:08.013980
2,false,2024-03-24 15:44:53.152744
3,false,2024-03-22 16:46:56.648169
4,true,2024-03-29 22:42:17.581331
1,false,2024-03-10 13:15:50.587446
4,true,2024-03-22 17:25:34.760974
3,false,2024-03-18 13:41:28.719944
4,false,2024-03-10 21:42:49.177191
1,false,2024-03-26 12:23:24.194903
2,true,2024-03-13 17:05:29.839399
3,true,2024-03-30 17:09:02.034818
4,false,2024-04-02 09:34:01.044559
1,false,2024-04-02 15:39:29.309688
2,false,2024-03-11 12:47:49.356011
4,false,2024-03-17 08:47:07.176855
1,false,2024-03-10 14:31:51.776341
2,false,2024-03-05 11:06:56.822479
3,false,2024-03-07 08:18:49.012947
4,false,2024-03-08 20:38:21.109879
1,true,2024-04-03 19:07:00.541502
2,false,2024-04-02 08:00:35.754585
3,false,2024-03-14 05:08:24.491814
4,true,2024-03-16 22:02:55.733924
2,false,2024-03-21 16:44:26.073917
4,false,2024-03-17 07:45:08.072618
3,true,2024-03-11 18:05:35.363809
4,false,2024-03-04 20:34:59.804018
1,false,2024-03-13 10:18:33.518954
2,true,2024-03-20 18:57:15.240918
4,false,2024-04-03 13:08:02.684493
1,true,2024-03-31 17:10:50.884194
2,false,2024-03-19 08:02:20.100388
2,false,2024-03-13 16:06:12.171231
4,false,2024-04-01 18:54:30.558709
1,true,2024-03-04 20:45:26.481428
2,false,2024-03-29 10:12:39.567637
3,false,2024-03-31 10:17:48.446192
2,false,2024-03-10 11:33:11.094692
3,true,2024-03-22 17:50:28.909759
4,false,2024-03-12 19:21:55.511446
1,false,2024-03-20 08:24:27.989466
2,false,2024-03-17 09:19:37.228922
3,false,2024-03-12 08:38:59.373473
4,false,2024-03-11 21:20:51.233844
1,false,2024-03-06 12:52:05.006879
2,false,2024-03-12 07:08:18.746266
3,false,2024-03-06 09:35:46.610915
4,false,2024-03-15 12:32:19.077347
2,false,2024-04-03 07:08:34.726953
4,false,2024-03-15 13:20:51.291571
2,true,2024-03-24 18:24:23.623733
3,false,2024-03-18 10:30:44.794710
4,false,2024-03-06 16:24:28.661367
1,false,2024-03-23 11:56:56.599789
3,false,2024-03-31 08:40:36.414903
1,true,2024-03-26 06:09:28.253434
2,false,2024-03-10 11:38:16.022865
3,false,2024-03-13 12:21:26.776235
4,true,2024-03-14 06:11:31.199738
1,false,2024-03-26 13:59:16.517499
2,true,2024-03-09 06:54:07.559902
4,false,2024-04-03 13:19:23.553478
1,false,2024-03-28 08:19:54.101753
2,false,2024-03-30 14:40:20.235331
4,false,2024-03-07 14:14:04.067066
1,false,2024-03-15 14:25:55.317645
3,false,2024-03-16 11:15:26.561651
4,false,2024-03-21 12:50:01.286360
1,true,2024-03-10 06:43:17.422850
2,false,2024-03-29 14:11:30.999758
1,false,2024-03-12 16:56:36.774276
3,false,2024-03-18 12:10:13.917906
4,false,2024-03-26 15:05:42.347388
1,false,2024-03-09 12:31:25.934285
3,true,2024-03-28 18:22:48.032162
2,false,2024-03-27 09:57:03.330891
4,false,2024-03-25 15:41:10.783526
3,true,2024-03-28 18:33:33.641546
4,false,2024-03-28 14:53:38.408598
2,true,2024-03-27 19:51:42.023783
4,false,2024-03-16 09:05:43.800928
1,false,2024-04-03 10:14:49.294930
2,false,2024-03-19 11:01:36.925714
4,false,2024-03-28 11:09:58.105558
1,false,2024-03-21 16:48:31.301773
2,false,2024-03-21 08:18:22.756656
4,false,2024-03-30 21:10:20.837255
2,false,2024-03-19 12:24:36.133197
3,false,2024-03-09 11:12:14.759009
2,false,2024-03-11 10:27:10.844276
3,false,2024-03-09 05:06:37.246216
4,false,2024-04-01 18:11:42.736360
3,false,2024-03-14 14:14:55.716287
4,true,2024-03-23 22:32:48.850597
1,false,2024-04-01 10:02:14.820080
2,false,2024-03-18 08:20:42.019988
4,false,2024-03-29 20:51:37.486281
1,true,2024-03-07 20:55:41.601744
2,false,2024-03-12 14:15:12.080462
3,false,2024-03-16 11:48:02.174135
4,false,2024-04-03 07:02:00.195813
2,true,2024-03-16 06:33:27.565545
1,false,2024-03-07 13:51:01.752625
2,false,2024-03-24 10:16:39.586878
4,false,2024-03-13 10:10:41.715249
1,false,2024-04-03 08:15:21.691621
4,false,2024-03-11 10:15:38.966331
1,true,2024-03-30 20:11:56.296525
3,false,2024-03-23 04:48:39.564244
4,false,2024-03-19 20:28:20.513877
2,false,2024-03-12 19:24:28.742401
3,false,2024-03-10 08:21:39.659106
4,false,2024-03-11 20:16:02.866394
1,true,2024-03-09 21:57:55.240952
3,false,2024-03-09 10:46:09.596045
2,false,2024-03-07 12:51:31.944919
3,true,2024-03-26 18:42:28.257855
4,false,2024-03-23 14:25:04.663911
1,true,2024-03-25 19:18:08.139197
2,false,2024-03-19 15:28:45.127843
4,true,2024-03-23 17:05:20.019511
1,false,2024-03-20 11:27:36.372268
2,true,2024-03-07 18:35:32.301101
3,false,2024-03-21 09:39:54.358033
4,false,2024-03-31 08:26:47.068422
1,true,2024-03-19 07:57:09.972696
2,false,2024-03-20 11:07:08.042385
3,false,2024-03-29 15:46:41.819531
4,false,2024-03-29 10:13:25.053659
1,false,2024-03-12 08:09:20.505996
2,true,2024-03-20 18:06:23.513629
3,true,2024-03-29 07:07:49.581662
4,false,2024-03-04 20:49:16.966177
4,false,2024-03-17 09:45:20.944796
1,false,2024-03-24 16:59:19.498023
2,false,2024-03-08 13:34:24.904022
3,false,2024-03-31 13:44:23.028752
4,false,2024-03-21 20:34:03.223837
2,false,2024-03-19 10:31:08.287640
3,false,2024-03-15 16:38:02.367976
4,false,2024-03-24 12:11:24.675478
1,true,2024-03-12 20:34:21.175186
2,false,2024-03-18 13:24:10.678657
1,false,2024-03-13 15:34:51.456226
3,false,2024-03-12 13:56:42.812497
1,false,2024-03-27 11:53:20.087103
2,true,2024-03-31 06:51:36.625715
3,true,2024-03-10 17:31:32.546221
4,false,2024-04-03 18:58:45.494106
1,true,2024-03-10 18:26:45.639323
2,true,2024-03-23 17:39:34.259667
3,false,2024-03-26 14:29:05.073111
4,false,2024-04-03 16:35:10.294636
1,true,2024-03-20 21:21:57.394520
3,false,2024-03-23 05:35:37.915297
1,true,2024-03-24 17:40:03.275747
4,true,2024-04-01 06:52:43.141223
2,false,2024-03-16 11:21:00.933643
3,false,2024-03-14 04:07:29.506685
4,false,2024-04-01 09:46:16.543704
1,false,2024-03-17 10:43:11.430987
2,false,2024-03-25 15:43:51.584666
3,true,2024-03-20 17:41:59.055974
1,true,2024-03-09 18:37:28.203626
2,true,2024-03-30 06:59:36.587408
4,false,2024-03-15 18:14:10.744476
1,true,2024-03-09 07:45:34.076507
3,false,2024-03-22 16:01:28.448356
4,false,2024-03-14 09:41:40.507099
1,false,2024-03-31 13:02:25.216765
4,false,2024-03-18 10:13:16.709859
2,false,2024-03-27 07:03:25.694350
3,false,2024-03-30 08:11:50.693394
4,true,2024-03-30 06:45:49.601489
1,false,2024-03-29 14:41:14.586656
3,false,2024-04-01 08:02:38.968373
4,true,2024-03-25 17:04:23.722314
2,false,2024-04-02 16:42:57.397411
4,false,2024-03-22 13:52:39.632046
2,true,2024-03-12 06:37:46.127947
4,true,2024-04-02 22:07:26.857315
1,true,2024-03-26 06:16:08.588475
2,false,2024-03-26 14:09:58.915320
4,true,2024-03-05 17:14:13.417269
1,false,2024-03-29 08:17:46.997055
3,true,2024-03-20 06:06:52.251957
4,false,2024-03-09 20:19:52.884125
1,true,2024-03-21 19:43:15.349848
2,false,2024-03-05 09:16:33.456283
3,false,2024-03-21 12:32:25.076612
4,false,2024-03-20 10:11:56.631288
2,false,2024-03-27 08:36:16.313703
1,false,2024-03-21 09:06:19.669098
3,true,2024-03-10 07:05:51.946413
4,false,2024-03-17 21:50:27.052518
1,false,2024-03-06 12:34:55.834583
2,false,2024-03-19 13:18:48.403029
3,false,2024-03-16 09:05:12.379139
4,true,2024-03-07 06:53:34.715325
4,true,2024-03-08 22:02:17.225916
1,false,2024-03-05 12:58:37.023454
2,false,2024-03-05 13:05:22.374320
3,false,2024-03-22 15:35:58.387995
4,false,2024-03-07 13:18:52.990711
1,false,2024-03-17 12:57:09.027586
2,false,2024-03-30 11:22:25.501075
3,false,2024-03-13 14:31:39.920495
1,true,2024-03-07 07:36:48.249695
2,true,2024-03-24 19:44:21.781085
4,false,2024-03-12 17:52:36.422173
1,false,2024-03-31 10:07:57.867773
2,false,2024-04-01 09:42:23.343447
3,false,2024-03-20 10:09:07.365077
4,false,2024-03-22 12:51:56.720309
1,false,2024-03-16 16:23:42.211487
2,false,2024-03-28 15:55:50.134466
3,true,2024-04-03 03:26:29.224254
4,false,2024-03-05 07:05:43.275277
3,true,2024-03-11 06:41:03.785921
4,false,2024-03-13 18:45:32.938466
2,true,2024-04-03 06:42:16.013658
4,false,2024-03-07 09:28:04.932022
1,true,2024-03-17 20:08:43.420204
1,false,2024-03-05 15:45:22.184942
2,true,2024-03-18 17:19:57.705216
3,false,2024-03-23 16:07:03.499301
4,false,2024-03-12 15:41:16.291185
1,false,2024-03-25 10:09:18.130896
2,false,2024-04-03 07:13:56.704618
3,true,2024-03-18 18:06:18.253623
4,false,2024-03-24 07:25:16.220173
2,true,2024-03-10 17:50:43.427572
3,true,2024-03-18 17:27:24.793583
4,false,2024-03-10 20:07:11.721101
2,true,2024-03-31 17:40:10.728553
4,false,2024-03-05 07:29:13.464057
1,true,2024-03-05 07:52:59.325997
4,false,2024-03-22 21:39:45.111538
2,false,2024-03-30 16:36:27.777716
4,true,2024-03-06 06:52:23.074470
1,true,2024-04-01 19:39:29.633753
2,false,2024-03-14 07:13:27.633858
3,false,2024-04-02 08:03:29.481194
1,false,2024-03-05 11:56:51.558193
3,true,2024-03-10 17:03:53.087842
4,false,2024-03-16 15:00:14.574785
1,true,2024-03-27 06:18:28.268091
2,false,2024-03-13 08:43:08.399974
4,false,2024-03-11 20:38:26.644911
4,false,2024-03-09 10:04:09.670923
1,false,2024-03-20 15:29:33.806870
2,false,2024-03-05 08:50:02.702235
3,true,2024-03-25 03:22:15.389230
3,false,2024-03-08 05:50:28.658978
4,false,2024-03-09 21:12:39.417871
1,false,2024-03-28 12:08:19.805264
4,false,2024-03-19 14:22:18.004885
1,true,2024-03-12 21:38:39.083634
2,true,2024-03-22 17:42:10.268466
3,true,2024-04-02 07:03:23.953834
4,false,2024-03-18 10:45:29.481401
1,true,2024-03-05 18:59:33.423290
4,false,2024-04-02 14:23:21.107831
1,false,2024-03-28 10:20:01.639893
2,false,2024-04-02 16:41:17.798203
3,false,2024-03-08 13:55:16.937513
4,false,2024-03-09 12:05:30.761273
1,false,2024-03-25 14:33:04.371942
4,false,2024-03-18 10:11:20.494033
1,true,2024-03-23 21:06:26.591592
4,false,2024-03-28 08:29:26.345085
1,false,2024-03-30 09:13:28.009860
2,true,2024-03-18 06:31:10.711744
3,false,2024-03-10 08:54:16.769244
4,true,2024-03-18 06:15:05.723415
1,false,2024-03-27 11:51:48.668509
3,false,2024-03-07 10:22:53.979775
4,false,2024-03-07 13:58:28.296360
1,false,2024-03-07 08:39:32.890755
2,false,2024-03-29 11:31:58.237161
3,false,2024-03-25 04:38:49.155852
1,false,2024-03-21 13:02:09.903188
2,true,2024-04-01 19:56:31.773907
3,false,2024-03-17 09:37:53.508608
4,false,2024-03-11 21:29:40.878456
1,true,2024-03-25 19:47:31.006966
3,false,2024-03-20 09:11:23.275578
4,false,2024-03-07 21:19:15.461789
1,false,2024-03-26 16:17:03.735862
3,false,2024-04-01 05:09:45.499226
4,true,2024-03-22 06:16:50.188763
1,true,2024-03-29 17:29:23.700109
1,false,2024-03-30 08:32:02.840405
3,false,2024-03-19 05:45:48.691259
4,false,2024-03-11 18:01:32.422691
1,false,2024-03-25 14:45:41.340115
3,false,2024-03-07 12:10:30.841377
4,false,2024-03-27 11:09:01.285574
1,true,2024-03-19 21:31:22.828712
3,true,2024-03-22 06:43:33.433594
1,false,2024-03-06 15:03:12.131483
3,false,2024-03-16 05:22:33.762114
4,false,2024-03-10 18:19:55.615645
4,true,2024-03-30 22:46:22.195663
1,true,2024-03-15 06:54:19.444992
2,true,2024-03-29 17:26:11.074777
4,true,2024-03-05 17:21:32.375674
1,false,2024-03-05 16:42:01.982000
3,false,2024-03-05 10:28:42.113136
4,false,2024-03-19 09:51:21.958325
1,true,2024-03-29 20:34:36.884141
2,true,2024-03-06 17:23:25.439053
4,false,2024-03-26 15:36:07.677972
1,true,2024-03-20 20:29:59.026126
2,true,2024-03-22 17:56:05.199424
4,false,2024-03-30 13:04:09.618134
3,false,2024-03-12 05:19:26.512825
4,false,2024-03-05 21:15:06.602106
1,true,2024-03-11 17:15:10.038571
2,false,2024-03-14 15:48:42.860959
3,true,2024-03-07 06:04:38.276065
4,true,2024-03-13 06:36:05.100933
2,false,2024-03-11 13:55:51.977621
3,true,2024-04-02 07:15:34.002209
1,false,2024-03-15 08:36:25.267810
2,false,2024-03-31 11:37:24.227139
3,false,2024-03-05 03:51:52.472578
1,false,2024-03-11 08:19:22.729891
3,false,2024-03-10 15:27:29.759066
4,false,2024-03-25 20:24:52.423753
1,false,2024-03-27 08:37:10.681517
3,true,2024-03-19 07:14:41.888566
4,false,2024-04-03 11:16:00.104508
1,true,2024-03-24 17:22:52.738883
2,false,2024-03-13 14:17:09.952615
3,true,2024-03-30 06:39:52.659348
4,false,2024-03-21 14:22:47.440840
1,true,2024-03-05 17:59:46.230713
2,false,2024-03-10 07:49:26.441961
3,true,2024-03-23 18:17:35.011227
4,false,2024-03-28 16:43:23.432859
1,true,2024-03-24 17:10:05.950714
2,false,2024-03-17 12:27:47.912033
3,true,2024-03-28 18:17:00.081073
1,false,2024-03-13 14:34:19.916151
2,false,2024-03-23 14:40:27.805219
3,false,2024-03-25 08:40:52.281554
1,true,2024-03-26 20:24:00.042128
2,false,2024-03-15 16:23:09.754641
3,false,2024-04-03 12:09:12.933393
4,false,2024-03-08 20:47:06.609880
3,true,2024-03-27 06:14:05.052731
4,false,2024-03-13 09:10:22.600600
1,true,2024-03-14 07:35:00.790510
3,false,2024-03-11 13:10:19.803102
1,true,2024-03-12 07:55:42.108466
3,false,2024-03-13 14:08:39.478823
4,false,2024-03-15 16:56:19.578956
1,false,2024-04-01 08:03:33.238430
3,false,2024-03-06 07:42:09.743982
4,false,2024-04-03 13:15:42.257761
1,false,2024-03-07 15:36:15.201279
3,true,2024-03-07 06:41:11.526715
4,false,2024-03-08 18:04:21.962152
1,false,2024-03-05 16:43:51.918822
2,true,2024-03-08 17:33:07.116219
4,false,2024-03-11 18:21:01.884284
1,true,2024-03-09 17:58:53.937520
2,false,2024-03-21 13:45:56.889830
3,false,2024-03-23 09:38:40.798590
2,true,2024-03-08 18:28:14.042018
3,false,2024-03-09 14:57:45.754632
4,true,2024-03-14 06:01:17.746665
1,true,2024-03-14 21:01:10.586631
2,false,2024-03-18 15:34:41.557768
3,false,2024-03-10 12:15:29.703987
4,false,2024-03-17 10:00:56.986322
1,true,2024-03-05 17:54:56.801842
3,false,2024-03-20 13:53:09.157434
4,false,2024-03-10 09:38:34.489141
1,true,2024-04-03 19:35:36.891734
3,false,2024-03-19 10:50:19.827667
4,true,2024-03-25 06:25:28.245820
3,false,2024-03-07 05:45:45.389282
1,true,2024-03-16 07:56:59.119337
2,true,2024-03-24 18:46:25.321787
3,false,2024-03-06 04:27:24.183221
4,false,2024-03-19 21:23:54.670375
2,false,2024-03-17 19:21:22.701882
3,true,2024-04-02 18:03:57.222517
4,true,2024-04-01 22:24:00.501047
3,false,2024-03-18 14:40:59.342564
4,false,2024-03-05 07:35:32.555508
1,true,2024-03-31 21:03:08.679788
2,false,2024-03-30 10:31:52.428589
3,true,2024-03-31 18:53:10.211267
4,false,2024-03-24 14:56:38.196017
1,true,2024-03-30 19:36:06.576790
4,false,2024-04-02 20:42:44.178692
3,false,2024-03-06 11:34:34.972309
4,true,2024-03-13 06:49:04.868207
1,true,2024-03-13 21:45:31.382728
2,true,2024-03-14 18:21:31.167102
3,true,2024-04-03 18:35:32.298004
4,false,2024-03-28 21:39:00.965435
1,false,2024-03-20 11:16:07.568552
3,false,2024-03-16 04:59:42.037809
4,true,2024-04-01 22:10:26.476525
1,false,2024-03-14 12:26:50.335071
2,false,2024-04-02 14:26:26.357733
3,false,2024-04-03 12:23:38.265817
2,false,2024-03-15 15:46:07.278105
3,false,2024-03-30 09:49:40.120338
4,false,2024-03-27 12:59:07.637711
2,false,2024-03-28 15:49:57.024598
3,false,2024-03-09 13:09:26.535243
4,false,2024-03-19 18:45:57.354127
1,false,2024-03-23 12:38:56.108801
2,false,2024-03-17 16:24:48.225900
2,false,2024-03-24 09:49:08.572163
3,false,2024-03-27 12:32:41.972774
4,false,2024-04-01 13:37:52.525568
2,false,2024-03-08 14:45:17.678219
3,true,2024-03-16 18:14:35.585770
4,false,2024-03-20 10:11:42.985733
1,true,2024-03-24 06:38:08.316734
2,false,2024-04-03 13:46:20.543010
4,false,2024-03-29 07:43:59.174450
2,true,2024-03-30 17:17:30.433928
3,false,2024-03-15 13:55:30.451658
4,false,2024-03-19 09:08:46.673511
1,true,2024-03-05 18:51:41.550627
2,false,2024-03-16 14:30:50.719452
3,false,2024-03-10 10:46:19.302557
4,true,2024-03-15 06:14:22.860429
1,true,2024-03-07 21:16:22.245337
2,false,2024-03-06 11:14:51.681459
3,false,2024-04-01 10:09:15.532828
4,false,2024-03-09 11:52:21.840162
3,false,2024-03-23 04:27:27.274188
4,false,2024-03-31 19:38:18.414284
1,true,2024-03-21 17:32:39.329220
2,false,2024-03-24 15:47:31.997953
3,false,2024-03-29 12:18:58.202747
4,false,2024-03-24 13:00:14.978094
1,true,2024-03-09 06:06:12.911496
2,true,2024-03-29 18:49:06.394764
3,false,2024-03-26 14:12:18.271821
4,false,2024-03-24 17:39:05.391085
3,false,2024-03-29 05:41:17.101314
4,false,2024-03-08 12:24:03.993451
1,true,2024-03-21 21:06:59.146477
1,false,2024-03-19 15:09:37.591747
2,false,2024-03-27 12:25:05.041652
4,true,2024-03-11 22:28:02.960867
1,false,2024-03-21 12:55:54.951121
3,false,2024-03-29 05:47:05.199990
4,false,2024-03-14 13:06:07.770613
1,false,2024-03-06 14:56:55.983936
2,false,2024-03-07 14:37:30.618509
4,false,2024-03-29 19:52:14.834696
2,false,2024-03-07 11:46:19.620633
4,false,2024-03-13 10:44:55.714109
1,true,2024-03-11 07:45:24.915077
2,false,2024-03-12 12:50:28.096228
4,false,2024-03-22 19:20:44.087736
1,true,2024-04-03 06:13:40.767290
3,true,2024-03-30 03:06:14.569584
4,false,2024-03-29 19:02:05.125462
1,true,2024-03-19 20:37:08.471117
3,false,2024-04-02 04:32:58.031142
4,false,2024-03-16 18:20:51.489487
1,false,2024-03-07 09:13:15.560233
3,true,2024-03-31 06:07:51.623117
4,false,2024-03-12 14:24:31.097934
1,true,2024-03-12 06:26:31.951713
2,false,2024-03-22 13:40:38.599209
3,false,2024-03-20 08:16:38.243366
4,false,2024-03-18 14:32:40.680403
1,true,2024-03-10 19:54:17.241056
3,false,2024-04-01 15:22:58.806033
4,true,2024-03-24 06:22:44.930507
4,false,2024-03-14 08:18:49.600951
1,true,2024-03-11 17:51:31.177234
2,false,2024-03-21 19:08:44.110700
3,true,2024-03-20 03:28:23.551410
4,true,2024-03-26 22:13:22.067318
1,false,2024-03-05 14:39:20.448842
3,false,2024-03-25 16:08:43.567899
4,false,2024-03-28 21:30:28.868594
1,false,2024-03-27 10:59:07.270070
2,false,2024-03-20 19:28:17.678189
3,false,2024-03-16 11:27:01.508778
4,false,2024-03-24 21:42:06.149723
4,true,2024-03-15 22:48:09.636086
1,false,2024-03-26 16:26:46.063474
2,true,2024-03-28 18:02:36.565955
3,true,2024-03-20 18:31:29.973770
4,false,2024-03-23 09:00:15.354505
1,false,2024-03-19 12:11:41.257209
3,false,2024-04-03 05:04:46.967228
4,false,2024-03-26 07:32:16.021661
1,false,2024-04-01 08:03:54.874039
2,false,2024-03-17 15:11:24.305794
3,true,2024-03-22 06:03:05.060102
1,false,2024-03-17 08:18:36.613757
2,false,2024-03-24 10:26:35.243997
3,false,2024-03-12 11:33:42.611425
1,false,2024-03-16 13:56:37.728575
4,false,2024-03-26 18:40:18.179364
1,false,2024-03-10 16:45:08.722181
2,false,2024-03-16 14:20:53.604087
3,true,2024-03-22 06:45:59.110485
4,true,2024-03-04 22:42:23.792363
1,false,2024-03-23 13:33:13.522405
2,false,2024-03-07 12:58:02.454276
3,false,2024-03-21 05:09:11.960511
4,false,2024-03-07 10:33:27.440372
1,true,2024-03-21 19:17:41.119064
2,true,2024-03-21 19:52:38.009700
4,false,2024-03-17 09:13:50.777362
2,false,2024-03-18 13:26:31.832908
2,false,2024-03-18 16:27:15.209392
4,false,2024-03-15 19:05:00.694629
2,false,2024-03-23 09:45:08.242801
3,false,2024-03-10 11:57:56.926761
4,false,2024-03-16 09:57:29.692234
1,true,2024-03-25 20:53:55.790941
2,false,2024-04-03 09:14:07.406024
4,false,2024-03-15 08:55:35.417973
2,false,2024-03-18 16:38:21.995676
3,false,2024-03-17 13:55:05.425116
4,false,2024-03-07 12:39:49.266237
1,false,2024-04-02 10:25:57.436252
2,false,2024-04-02 09:54:44.650936
4,false,2024-04-01 21:21:48.027751
1,false,2024-03-10 13:19:13.048458
2,false,2024-03-17 16:38:36.612729
3,false,2024-03-15 13:26:07.439328
4,false,2024-03-22 17:58:17.032309
4,false,2024-03-14 14:05:42.749404
2,false,2024-03-26 13:15:18.310591
3,false,2024-03-05 13:18:27.283838
4,false,2024-03-21 11:11:54.204692
1,false,2024-03-05 14:29:22.888094
2,false,2024-03-11 13:33:04.595330
3,true,2024-03-20 03:12:39.687548
4,false,2024-03-22 18:52:45.442171
1,false,2024-03-22 16:17:35.632434
2,true,2024-03-23 18:47:31.885549
3,false,2024-03-31 05:06:07.784170
3,false,2024-03-20 14:35:56.400094
4,false,2024-03-23 13:55:51.151101
3,false,2024-03-17 05:53:43.762457
4,false,2024-03-10 09:19:52.749943
1,false,2024-03-13 08:27:52.029757
2,false,2024-03-07 12:47:30.065046
2,false,2024-03-15 07:28:23.210164
4,true,2024-03-23 22:46:05.000907
2,false,2024-04-01 10:00:29.888909
3,false,2024-03-25 11:40:56.138127
1,false,2024-03-10 16:11:38.793578
2,false,2024-03-06 09:32:19.520231
3,false,2024-03-06 15:18:36.024628
2,false,2024-03-31 08:30:32.011965
3,false,2024-04-02 11:00:11.220474
4,false,2024-03-09 14:35:26.557679
1,true,2024-04-03 19:25:35.963887
2,false,2024-03-15 11:05:15.871333
3,false,2024-03-22 09:25:28.957675
1,true,2024-03-30 19:04:57.854254
2,false,2024-03-05 19:13:17.042452
4,false,2024-03-06 12:22:48.005960
3,false,2024-03-15 07:43:03.702038
2,false,2024-03-21 09:21:30.693954
3,false,2024-04-02 12:54:16.736081
4,false,2024-03-12 20:49:14.866863
1,true,2024-03-27 18:40:51.001170
2,true,2024-03-27 06:35:05.351032
3,false,2024-03-10 08:53:40.191010
4,false,2024-03-24 07:08:57.671354
1,false,2024-03-15 16:20:36.139822
3,false,2024-03-06 08:02:53.653340
4,false,2024-03-18 20:50:23.225698
2,false,2024-03-21 08:46:44.452451
4,false,2024-03-16 15:41:13.711625
1,false,2024-03-09 12:58:48.208611
2,true,2024-03-15 17:41:05.585975
3,false,2024-04-01 12:56:54.247530
4,false,2024-03-06 15:52:07.205646
1,true,2024-03-08 19:45:29.231896
3,true,2024-03-18 03:18:50.751084
1,false,2024-03-27 09:52:23.048120
2,false,2024-03-25 13:29:49.589005
3,true,2024-03-25 17:37:55.698633
4,false,2024-03-26 20:31:30.213323
1,true,2024-03-09 21:17:26.429169
2,false,2024-03-14 15:48:35.418849
3,true,2024-03-29 07:19:21.981960
4,true,2024-03-20 22:38:49.248941
1,true,2024-03-18 07:03:38.578429
2,false,2024-03-22 09:22:54.208694
1,true,2024-03-08 19:06:17.556054
2,true,2024-03-25 18:05:32.889140
3,false,2024-03-18 05:32:16.904741
1,true,2024-03-20 06:40:06.325662
2,false,2024-03-15 14:22:58.795715
4,false,2024-03-06 19:07:23.205883
3,false,2024-03-16 16:03:23.138389
4,false,2024-03-06 12:12:22.181357
1,false,2024-03-10 08:11:23.375588
4,false,2024-03-17 08:36:28.277234
1,true,2024-03-22 07:59:28.246511
2,false,2024-03-20 15:52:01.144175
1,true,2024-03-09 07:48:52.113682
3,false,2024-04-03 15:35:30.488019
1,false,2024-03-21 12:23:09.472376
3,false,2024-03-11 15:39:31.903496
4,false,2024-03-21 13:49:54.648900
2,false,2024-03-26 16:10:05.421297
4,false,2024-03-18 21:11:24.836035
1,true,2024-03-19 17:58:50.125332
2,false,2024-03-27 08:29:54.252975
4,false,2024-03-31 16:03:36.019194
2,false,2024-03-29 16:52:48.438832
3,false,2024-03-27 14:32:58.941049
1,true,2024-04-02 21:04:44.287608
4,false,2024-03-25 07:13:06.726354
2,false,2024-03-26 12:19:21.999558
3,true,2024-03-27 07:11:44.406275
4,false,2024-03-14 19:48:27.814827
1,false,2024-04-03 12:44:30.871864
2,false,2024-03-22 08:24:21.503849
3,true,2024-03-18 18:42:55.900976
4,false,2024-03-10 19:19:55.467921
1,false,2024-03-08 14:21:25.108361
4,false,2024-03-12 10:53:14.612708
1,true,2024-03-12 17:47:05.206274
3,false,2024-03-18 05:41:56.760860
4,false,2024-03-09 09:51:50.636319
2,false,2024-03-05 10:05:04.558585
3,false,2024-03-27 08:40:58.906965
4,false,2024-03-19 12:26:17.396075
2,false,2024-03-15 10:18:37.724431
3,true,2024-03-13 18:50:08.366729
4,true,2024-03-04 22:22:18.168473
1,false,2024-03-07 10:58:41.537064
2,true,2024-03-06 19:35:19.177970
3,false,2024-03-30 16:55:47.680252
4,false,2024-03-27 14:50:35.462693
2,false,2024-03-06 08:28:22.433544
2,false,2024-03-26 14:33:00.165531
3,false,2024-03-15 14:43:03.392917
1,true,2024-03-28 06:48:24.790688
4,false,2024-03-16 08:35:20.769387
1,true,2024-03-08 06:03:10.784089
3,true,2024-03-27 03:13:59.989943
4,false,2024-03-28 13:53:52.285859
2,false,2024-03-31 09:24:12.701200
3,false,2024-03-11 16:50:04.116761
4,false,2024-03-23 13:00:37.384592
1,false,2024-04-03 14:01:16.085266
3,false,2024-03-17 15:03:15.964102
4,false,2024-03-13 16:35:54.877168
2,false,2024-03-14 11:26:06.260291
3,true,2024-03-18 17:25:46.492987
4,false,2024-03-28 20:25:42.329373
1,false,2024-03-31 14:31:07.446636
3,true,2024-03-10 17:26:30.741845
4,true,2024-03-30 06:15:43.527024
2,true,2024-03-16 18:01:59.104909
3,false,2024-03-05 13:39:23.062054
4,false,2024-03-28 13:14:51.994561
1,false,2024-04-01 16:20:34.461928
2,false,2024-03-25 12:41:13.732313
3,true,2024-03-12 07:28:03.575453
4,false,2024-03-10 09:37:51.902643
1,true,2024-03-13 19:06:26.848950
2,false,2024-03-26 19:15:37.461423
4,false,2024-03-28 13:45:14.318467
3,true,2024-03-24 17:49:18.714254
4,false,2024-03-11 15:50:18.887947
1,false,2024-03-09 14:48:26.561918
2,true,2024-03-14 19:54:39.985658
4,false,2024-03-22 08:15:32.791655
2,true,2024-03-22 19:44:51.588993
3,false,2024-03-09 03:51:25.255227
4,false,2024-03-19 11:15:41.030590
3,false,2024-03-12 03:41:05.777162
1,false,2024-04-01 11:39:39.142074
2,false,2024-03-24 12:52:50.448223
4,false,2024-03-21 14:41:21.666962
1,false,2024-03-30 08:53:43.439883
2,true,2024-03-15 18:48:55.627284
4,false,2024-03-26 14:34:29.178224
1,false,2024-03-25 15:52:57.499259
3,false,2024-04-01 11:18:18.973218
3,false,2024-03-15 09:28:38.083376
4,false,2024-03-27 20:49:18.954652
3,false,2024-03-30 16:12:04.766559
4,false,2024-03-24 12:31:14.521908
3,false,2024-03-07 14:14:53.210852
4,false,2024-03-08 16:37:49.472605
1,true,2024-03-25 20:59:27.377654
2,false,2024-03-14 13:39:19.836330
3,false,2024-03-08 12:51:27.176421
4,false,2024-03-20 07:09:34.540464
1,false,2024-04-03 12:44:01.406509
3,false,2024-03-10 11:00:55.660056
2,false,2024-03-20 07:26:55.743290
3,false,2024-03-22 07:58:38.659879
4,false,2024-04-03 14:04:05.574003
1,true,2024-03-16 17:41:12.663672
4,false,2024-03-21 18:17:59.636744
1,false,2024-03-17 11:54:16.344581
2,true,2024-03-05 06:49:04.638740
4,false,2024-03-27 07:29:54.433268
1,true,2024-03-18 20:19:46.792219
2,false,2024-03-15 09:47:21.671969
3,false,2024-03-15 14:39:42.873775
4,false,2024-03-10 07:19:15.454919
3,false,2024-03-25 13:07:25.601622
4,false,2024-03-08 12:27:34.437214
1,true,2024-03-23 20:51:36.301289
1,true,2024-03-13 06:23:50.005172
2,false,2024-03-14 13:19:37.327438
3,false,2024-03-17 05:58:10.973653
4,false,2024-03-07 10:35:38.122737
2,false,2024-03-12 08:30:28.148685
3,false,2024-03-07 16:27:17.243488
4,false,2024-03-20 17:44:26.883809
1,true,2024-03-06 06:12:21.973961
2,false,2024-03-27 14:15:03.248399
3,false,2024-03-09 04:01:37.838851
4,true,2024-03-17 06:22:54.358934
1,true,2024-03-28 17:51:15.614456
3,false,2024-03-21 15:52:59.424762
4,false,2024-03-28 12:19:44.662727
1,false,2024-03-14 09:15:10.968887
4,false,2024-03-18 19:22:47.538122
2,false,2024-03-29 07:59:06.964838
4,false,2024-03-14 14:01:58.471521
1,false,2024-04-03 08:36:06.726825
2,false,2024-03-20 09:47:55.623550
3,true,2024-03-22 18:17:05.523474
4,true,2024-03-14 06:55:33.829134
2,false,2024-03-05 10:56:57.229548
3,false,2024-03-19 16:52:37.496680
4,false,2024-03-11 09:29:00.050919
1,true,2024-03-13 17:04:10.729746
3,false,2024-03-21 03:35:00.304292
4,false,2024-03-15 21:38:34.104511
2,false,2024-03-29 11:09:30.101379
4,false,2024-03-06 15:26:11.878419
4,false,2024-03-31 21:50:01.525928
1,false,2024-03-09 12:58:54.049846
2,false,2024-03-19 16:19:30.874896
4,false,2024-03-08 14:46:17.609040
1,false,2024-03-22 09:39:24.619807
2,false,2024-03-30 14:36:42.790346
3,false,2024-03-10 14:32:49.363114
4,false,2024-04-01 13:53:08.562497
1,true,2024-04-02 17:49:15.132673
3,true,2024-03-05 18:34:57.857466
1,true,2024-03-18 06:05:44.705199
2,false,2024-03-26 14:46:48.554904
3,true,2024-03-20 17:30:03.160425
3,false,2024-03-19 04:42:40.025851
4,false,2024-03-09 11:46:33.066123
1,true,2024-03-24 20:51:28.525585
3,true,2024-03-19 17:41:01.211498
1,true,2024-03-09 18:52:38.911789
2,false,2024-04-02 10:58:24.057065
3,true,2024-03-06 06:19:59.289997
1,true,2024-03-09 18:26:10.060907
2,false,2024-03-28 10:58:48.447836
4,false,2024-03-19 09:34:47.072218
2,false,2024-03-15 14:46:11.483896
3,false,2024-03-06 15:09:31.712502
1,false,2024-04-02 09:44:13.026232
3,false,2024-03-23 05:50:58.611454
4,false,2024-04-01 19:24:28.187113
2,true,2024-03-06 19:41:51.492188
3,true,2024-03-20 06:51:48.837385
4,false,2024-04-02 20:33:33.021956
4,true,2024-03-10 22:17:24.432009
2,false,2024-03-28 14:36:06.669109
4,false,2024-03-20 18:41:26.118213
2,false,2024-03-15 07:07:27.325224
1,true,2024-03-23 17:57:40.897730
3,true,2024-03-27 03:08:57.268980
3,false,2024-03-26 10:24:14.287932
1,false,2024-03-06 12:15:20.119231
4,false,2024-03-09 07:24:02.936655
4,false,2024-03-29 16:55:54.182911
1,true,2024-03-23 06:15:07.427022
2,true,2024-03-11 18:26:09.398869
3,false,2024-03-05 08:20:19.290299
4,false,2024-03-30 13:30:51.627450
1,false,2024-03-16 14:41:16.960001
4,false,2024-03-18 17:50:02.264734
1,false,2024-03-28 12:12:07.683999
3,false,2024-03-18 13:36:49.464865
4,false,2024-03-08 12:55:23.657437
1,true,2024-03-09 19:32:05.768492
2,false,2024-03-10 09:43:59.866101
2,false,2024-03-08 09:58:09.247821
4,false,2024-03-20 07:47:03.050986
1,false,2024-03-25 08:59:21.908153
4,false,2024-03-29 15:59:56.617530
1,true,2024-03-11 06:33:55.328391
3,false,2024-04-03 10:17:37.670259
4,false,2024-03-11 20:54:27.615812
2,true,2024-03-12 18:45:15.038729
3,false,2024-03-07 11:36:22.752296
4,false,2024-03-26 18:47:42.613795
1,true,2024-03-27 17:16:27.783341
3,false,2024-03-17 15:42:42.062575
4,false,2024-03-26 09:54:48.947313
1,false,2024-03-14 12:40:15.957141
2,false,2024-03-09 15:23:54.187153
3,false,2024-03-07 16:55:34.348122
4,false,2024-03-21 16:55:42.424782
1,true,2024-03-08 06:45:01.992958
2,false,2024-03-16 14:25:08.560264
4,false,2024-03-11 08:45:06.365940
4,false,2024-03-08 16:22:45.075505
1,true,2024-03-18 19:04:32.412817
2,false,2024-03-29 10:22:04.615519
3,false,2024-03-20 11:19:27.897590
1,true,2024-03-20 18:55:38.078362
2,false,2024-03-21 10:25:02.363334
3,false,2024-03-21 07:36:55.650454
4,false,2024-03-19 15:10:29.499983
3,true,2024-03-13 17:11:14.701257
4,false,2024-03-26 14:17:46.854240
1,false,2024-03-28 09:53:00.280803
4,false,2024-03-09 07:57:34.933670
1,false,2024-03-25 11:26:58.332364
2,false,2024-03-10 15:25:14.819766
4,false,2024-03-17 20:57:18.193958
1,false,2024-03-16 09:06:17.219646
4,false,2024-03-07 19:21:38.397358
1,false,2024-03-30 10:33:54.687094
3,true,2024-03-08 06:36:39.217208
4,false,2024-03-07 16:07:42.661638
1,false,2024-03-09 11:20:28.255833
2,true,2024-03-14 18:18:36.102685
3,false,2024-03-16 04:45:29.803733
4,false,2024-03-18 11:18:42.110224
1,false,2024-03-22 11:56:50.758832
2,false,2024-03-09 09:51:40.490207
3,false,2024-03-22 10:46:14.671181
4,false,2024-03-14 20:52:52.862008
1,true,2024-03-24 19:33:38.213639
3,false,2024-03-18 15:55:48.437853
4,false,2024-04-03 07:25:03.351291
2,false,2024-03-20 11:18:44.822523
3,true,2024-03-25 18:58:31.550542
4,false,2024-03-27 21:37:54.462951
1,false,2024-03-18 14:17:47.526282
4,false,2024-03-07 07:26:44.827319
1,true,2024-03-16 20:34:19.681308
3,false,2024-03-11 10:47:01.031351
4,false,2024-03-21 18:22:42.141707
2,true,2024-03-30 18:48:35.538021
3,false,2024-03-05 16:40:41.646575
4,false,2024-03-10 09:05:22.936037
1,true,2024-04-03 07:52:13.137048
3,true,2024-03-05 18:20:13.252651
4,false,2024-03-26 14:30:50.195873
2,false,2024-03-17 10:45:39.490232
3,false,2024-03-19 15:08:02.878911
4,false,2024-03-22 09:14:33.724550
3,false,2024-03-07 15:08:53.856211
4,false,2024-03-15 14:38:35.820822
1,true,2024-03-14 20:20:16.207960
3,false,2024-04-01 16:17:50.749870
4,false,2024-03-07 13:43:28.501820
1,true,2024-03-23 21:58:08.956952
2,true,2024-03-26 17:47:49.325625
4,false,2024-03-14 12:54:55.871514
1,true,2024-03-25 07:30:21.986295
3,false,2024-03-12 09:31:03.115211
1,true,2024-03-05 17:51:56.497426
2,false,2024-03-11 09:10:41.159678
3,false,2024-03-29 14:59:27.022787
2,false,2024-03-31 10:44:20.868298
3,false,2024-04-01 05:45:14.412655
4,false,2024-03-28 07:23:12.108714
2,true,2024-03-26 18:50:10.912748
3,true,2024-03-21 18:47:11.141889
4,false,2024-03-06 21:06:14.572505
1,true,2024-03-26 18:02:47.108305
4,false,2024-04-03 08:55:44.779151
1,true,2024-03-09 18:20:31.536196
2,false,2024-04-03 19:19:00.770183
3,false,2024-03-19 12:17:50.413954
2,false,2024-03-27 10:56:12.650925
3,false,2024-03-31 04:09:21.956526
4,false,2024-03-08 19:30:39.146802
1,true,2024-03-26 17:13:42.743705
2,false,2024-03-10 15:12:07.607597
1,true,2024-03-07 21:54:40.942735
3,false,2024-03-13 16:53:11.961670
2,false,2024-04-01 15:51:31.613404
4,false,2024-03-28 13:57:41.631252
1,false,2024-03-15 12:23:55.736003
3,true,2024-03-30 17:57:01.798521
4,false,2024-03-22 21:37:16.161225
1,false,2024-03-28 15:41:07.472807
2,false,2024-03-21 16:45:49.791068
3,false,2024-03-22 11:44:08.582655
4,false,2024-03-11 13:02:05.210184
1,false,2024-03-06 10:04:30.202632
2,false,2024-03-12 11:37:26.188249
3,false,2024-03-16 12:49:53.534741
4,false,2024-03-10 14:36:30.148633
1,true,2024-03-06 06:19:57.642652
2,false,2024-03-12 07:01:03.957365
4,false,2024-03-17 11:16:19.779984
1,false,2024-03-15 08:30:02.689057
2,true,2024-03-24 18:14:42.066192
4,false,2024-03-25 19:15:59.907723
1,true,2024-03-09 17:42:03.250980
4,false,2024-03-08 10:53:08.084392
1,true,2024-03-24 06:55:45.256152
2,false,2024-03-29 11:10:12.419803
3,false,2024-03-10 12:25:41.333770
4,false,2024-04-01 08:44:36.265635
1,false,2024-03-18 11:03:24.174776
2,false,2024-03-30 11:02:06.615450
3,false,2024-03-17 08:24:27.620466
4,false,2024-03-24 19:14:13.524693
2,false,2024-03-27 12:00:55.112674
2,false,2024-03-26 07:46:07.152981
1,false,2024-03-06 14:10:57.351909
3,false,2024-03-28 15:13:32.940743
4,false,2024-03-23 09:51:01.749741
1,true,2024-03-27 19:10:24.309768
3,false,2024-03-19 08:36:42.775259
4,false,2024-03-31 13:42:52.644439
1,false,2024-03-19 12:29:11.299751
3,false,2024-03-09 15:48:28.522070
4,false,2024-03-21 18:00:23.699814
1,true,2024-03-09 20:39:55.793496
4,false,2024-03-21 15:09:21.190250
1,false,2024-04-02 13:18:41.494389
2,true,2024-04-03 19:56:00.162378
4,false,2024-03-16 18:34:48.835299
2,true,2024-03-28 19:34:26.689550
3,false,2024-04-02 13:03:51.040529
3,true,2024-03-14 18:24:32.945713
4,false,2024-03-27 11:31:14.451620
1,false,2024-03-12 15:13:52.128741
2,true,2024-03-16 17:32:00.506243
3,true,2024-03-29 18:45:32.503533
4,false,2024-03-23 13:04:09.793113
1,false,2024-03-10 08:56:57.450076
2,false,2024-03-26 08:23:31.936231
3,false,2024-03-26 16:30:18.382573
4,false,2024-04-01 19:52:02.864232
1,true,2024-03-23 06:54:43.978484
3,false,2024-03-24 16:04:40.531270
1,true,2024-03-24 19:44:53.465209
2,true,2024-03-13 17:40:27.920279
3,false,2024-03-17 03:51:44.054161
4,false,2024-03-28 07:49:08.883855
3,true,2024-03-30 17:27:36.116602
1,true,2024-03-15 18:18:46.632677
2,false,2024-03-26 09:57:15.920056
4,false,2024-03-24 12:18:13.990799
1,false,2024-03-08 14:38:34.642399
2,false,2024-03-24 11:34:50.852687
3,false,2024-03-11 12:08:54.580020
4,false,2024-03-05 14:18:30.048534
3,false,2024-04-02 15:57:40.869712
4,false,2024-03-15 15:31:35.495550
1,true,2024-03-15 19:19:47.013832
4,false,2024-03-26 10:27:44.622643
1,true,2024-03-19 20:49:09.832202
2,false,2024-03-25 13:57:03.818598
3,false,2024-03-19 15:49:57.649101
4,true,2024-03-14 17:12:42.153004
1,false,2024-03-26 12:36:59.510922
2,false,2024-03-07 09:46:29.720800
3,true,2024-03-18 07:02:53.176634
4,false,2024-03-25 10:22:15.261680
1,false,2024-03-20 13:57:38.519524
2,false,2024-03-31 12:28:56.319551
3,false,2024-03-17 13:09:35.905474
4,false,2024-03-20 13:03:22.542389
1,true,2024-03-15 07:05:40.523027
2,true,2024-04-02 18:48:24.321004
3,false,2024-03-20 08:20:53.287732
1,true,2024-04-01 21:20:47.870946
3,false,2024-03-21 14:28:06.076185
1,true,2024-03-11 06:35:34.843135
2,false,2024-03-08 15:42:51.521529
3,false,2024-03-12 14:04:00.658469
4,false,2024-04-01 08:42:03.433211
1,true,2024-03-11 21:07:38.234282
3,false,2024-03-24 14:28:51.249405
2,false,2024-03-21 13:05:57.350065
3,true,2024-03-08 18:41:38.887544
4,false,2024-03-17 17:54:58.116088
3,true,2024-03-16 06:01:40.980708
2,false,2024-04-01 11:28:22.453000
3,false,2024-03-29 07:48:54.802877
1,false,2024-03-31 08:16:47.478633
2,false,2024-03-25 11:59:49.232693
3,false,2024-03-14 13:31:20.035652
1,false,2024-03-16 09:28:01.825928
3,false,2024-03-21 03:57:12.390604
2,false,2024-03-12 07:53:15.712250
3,false,2024-03-10 04:40:11.860623
4,false,2024-03-15 21:14:52.961724
1,false,2024-03-10 15:43:29.395769
3,false,2024-03-14 05:15:32.382956
4,false,2024-03-22 14:45:51.844407
1,false,2024-04-03 08:24:44.590230
3,false,2024-03-27 13:52:13.147475
4,false,2024-03-08 21:55:04.110117
1,false,2024-04-01 13:24:49.567100
2,false,2024-03-23 15:42:29.874514
3,true,2024-03-18 17:30:35.228348
1,false,2024-03-12 12:05:50.191872
2,false,2024-03-31 12:06:03.903810
3,false,2024-03-29 14:35:31.192730
4,false,2024-04-03 10:32:00.993762
2,false,2024-03-10 08:33:10.653841
3,false,2024-03-31 09:12:55.519414
2,false,2024-03-28 13:00:32.486235
3,false,2024-03-27 09:49:13.691403
1,false,2024-03-15 14:24:00.849722
2,false,2024-03-22 13:55:29.468188
4,false,2024-03-19 12:00:58.578653
1,false,2024-03-09 13:09:32.974947
3,false,2024-03-26 07:56:04.356832
4,false,2024-03-17 19:16:37.532980
1,true,2024-03-30 20:33:22.738599
2,false,2024-03-19 13:12:50.192862
1,true,2024-03-27 06:37:26.478868
2,true,2024-03-28 18:55:57.495374
3,false,2024-03-22 14:18:24.236356
4,false,2024-03-12 19:54:02.070273
2,true,2024-03-17 06:55:55.277316
3,false,2024-03-18 08:11:52.946045
4,false,2024-03-22 10:48:14.519604
4,false,2024-03-28 10:11:37.742390
1,false,2024-03-31 09:53:22.261756
2,false,2024-03-27 13:49:54.838892
3,true,2024-03-05 17:59:12.173069
4,false,2024-03-06 21:34:49.377005
1,false,2024-03-13 09:38:34.506345
3,false,2024-03-16 16:34:18.669250
4,false,2024-03-29 12:15:28.356894
1,false,2024-03-26 13:24:21.829320
2,false,2024-04-02 14:55:47.206946
3,true,2024-03-24 06:47:26.693745
1,false,2024-04-03 11:50:36.836371
2,false,2024-03-14 13:16:11.793453
3,false,2024-03-16 08:49:28.621974
1,true,2024-03-17 19:56:41.764935
2,false,2024-03-29 08:30:23.977152
1,true,2024-03-04 20:58:28.767940
2,true,2024-04-01 17:48:12.662344
3,false,2024-03-09 07:40:10.920993
4,false,2024-04-01 13:39:57.460757
1,false,2024-03-29 12:27:24.115610
2,false,2024-03-14 10:50:54.852157
3,false,2024-03-21 09:30:14.446321
4,false,2024-03-14 16:53:59.816579
1,false,2024-03-15 09:08:58.531480
2,true,2024-03-28 17:35:53.405800
3,true,2024-03-19 18:17:43.737243
4,false,2024-03-15 13:08:09.893512
1,false,2024-03-08 11:46:32.927523
3,false,2024-03-31 13:44:57.683042
4,false,2024-04-02 13:35:27.489486
1,false,2024-03-31 12:07:22.338849
2,true,2024-03-21 18:49:09.075464
3,false,2024-03-09 09:30:13.381661
2,true,2024-03-17 18:50:07.094817
4,false,2024-03-17 07:52:18.197334
1,true,2024-04-03 06:19:27.382534
3,false,2024-03-11 04:54:48.624251
4,false,2024-03-15 14:59:38.686301
1,false,2024-03-11 15:29:55.851398
2,false,2024-03-24 09:25:02.076282
